date,strategy_cumret,benchmark_cumret,drawdown
2017-12-21,1.0,0.98706896,-0.0
2017-12-22,1.0,0.92006,-0.0
2017-12-25,1.0,0.94706536,-0.0
2017-12-26,1.0,0.98415509,-0.0
2017-12-27,1.0,0.98197692,-0.0
2017-12-28,1.0,0.95787739,-0.0
2017-12-29,1.0,0.96833242,-0.0
2018-01-01,1.0,0.95988847,-0.0
2018-01-02,1.0,1.00416005,-0.0
2018-01-03,1.0,1.02711888,-0.0
2018-01-04,1.0,1.03224151,-0.0
2018-01-05,1.0,1.06196436,-0.0
2018-01-08,1.0,1.07012192,-0.0
2018-01-09,1.0,1.08743478,-0.0
2018-01-10,1.0,1.08734619,-0.0
2018-01-11,1.0,1.04582218,-0.0
2018-01-12,1.0,1.0784349,-0.0
2018-01-15,1.0,1.07819773,-0.0
2018-01-16,1.0,0.98455374,-0.0
2018-01-17,1.0,0.9861513,-0.0
2018-01-18,1.0,0.98188082,-0.0
2018-01-19,1.0,0.99920475,-0.0
2018-01-22,1.0,0.98089999,-0.0
2018-01-23,1.0,0.98125859,-0.0
2018-01-24,1.0,1.00820352,-0.0
2018-01-25,1.0,1.00461187,-0.0
2018-01-26,1.0,1.00373178,-0.0
2018-01-29,1.0,1.02573798,-0.0
2018-01-30,1.0,0.98633512,-0.0
2018-01-31,1.0,0.99690028,-0.0
2018-02-01,1.0,0.95783223,-0.0
2018-02-02,1.0,0.91928992,-0.0
2018-02-05,1.0,0.82266369,-0.0
2018-02-06,1.0,0.858061,-0.0
2018-02-07,1.0,0.84789139,-0.0
2018-02-08,1.0,0.85167803,-0.0
2018-02-09,1.0,0.89201577,-0.0
2018-02-12,1.0,0.89861051,-0.0
2018-02-13,1.0,0.88817209,-0.0
2018-02-14,1.0,0.92599909,-0.0
2018-02-15,1.0,0.94088638,-0.0
2018-02-16,1.0,0.94720032,-0.0
2018-02-19,1.0,0.96491658,-0.0
2018-02-20,1.0,0.94951276,-0.0
2018-02-21,1.0,0.92194071,-0.0
2018-02-22,1.0,0.90466846,-0.0
2018-02-23,1.0,0.92592601,-0.0
2018-02-26,1.0,0.93565408,-0.0
2018-02-27,1.0,0.93591799,-0.0
2018-02-28,1.0,0.92709671,-0.0
2018-03-01,1.0,0.93896987,-0.0
2018-03-02,1.0,0.93832324,-0.0
2018-03-05,1.0,0.94519111,-0.0
2018-03-06,1.0,0.92711495,-0.0
2018-03-07,1.0,0.89665092,-0.0
2018-03-08,1.0,0.8729806,-0.0
2018-03-09,1.0,0.88115597,-0.0
2018-03-12,1.0,0.8735451,-0.0
2018-03-13,1.0,0.87217921,-0.0
2018-03-14,1.0,0.83242201,-0.0
2018-03-15,0.99434469,0.83227079,-0.00565531
2018-03-16,0.98952383,0.82848603,-0.01047617
2018-03-19,0.98569221,0.82068674,-0.01430779
2018-03-20,0.98889527,0.82542795,-0.01110473
2018-03-21,1.00041026,0.82833159,-0.0
2018-03-22,0.9942688,0.81634856,-0.00613894
2018-03-23,0.99663247,0.81899512,-0.00377624
2018-03-26,0.97870706,0.79092551,-0.0216943
2018-03-27,0.96839042,0.77009136,-0.03200671
2018-03-28,0.96986546,0.77028058,-0.03053228
2018-03-29,0.94677436,0.73307549,-0.0536139
2018-03-30,0.94530732,0.73100117,-0.05508034
2018-04-02,0.94663977,0.73125053,-0.05374844
2018-04-03,0.95752253,0.7491111,-0.04287014
2018-04-04,0.94149098,0.72420555,-0.05889511
2018-04-05,0.94182653,0.7241398,-0.05855971
2018-04-06,0.93665,0.71475921,-0.06373411
2018-04-09,0.94612725,0.73162705,-0.05426075
2018-04-10,0.95050092,0.74136222,-0.04988887
2018-04-11,0.95513332,0.74938095,-0.04525837
2018-04-12,0.98259014,0.78983269,-0.01781281
2018-04-13,0.98188185,0.7896769,-0.01852081
2018-04-16,0.98734918,0.80016082,-0.01305572
2018-04-17,0.98335657,0.7960415,-0.0170467
2018-04-18,0.99137529,0.80809155,-0.00903126
2018-04-19,1.00000474,0.82013383,-0.00040536
2018-04-20,1.01506557,0.8412104,-0.0
2018-04-23,1.02016838,0.8488375,-0.0
2018-04-24,1.03632531,0.87375137,-0.0
2018-04-25,1.01529305,0.83634305,-0.02029503
2018-04-26,1.02634186,0.85756476,-0.00963351
2018-04-27,1.01953152,0.84845663,-0.01620513
2018-04-30,1.02749669,0.85951835,-0.00851916
2018-05-01,1.0252389,0.8546565,-0.01069781
2018-05-02,1.0305317,0.86070741,-0.00559053
2018-05-03,1.05182341,0.89290586,-0.0
2018-05-04,1.05233957,0.89678948,-0.0
2018-05-07,1.04224858,0.88288628,-0.0095891
2018-05-08,1.03911212,0.87856073,-0.01256956
2018-05-09,1.04134144,0.88180813,-0.01045112
2018-05-10,1.03196079,0.87318446,-0.01936521
2018-05-11,1.01476099,0.85073288,-0.03570955
2018-05-14,1.02722352,0.86686871,-0.02386687
2018-05-15,1.02031773,0.85145893,-0.03042919
2018-05-16,1.01831672,0.84891383,-0.03233067
2018-05-17,1.00692409,0.83262083,-0.04315668
2018-05-18,1.01455276,0.8439499,-0.03590743
2018-05-21,1.01768508,0.84928267,-0.0329309
2018-05-22,1.00115715,0.8262204,-0.04863679
2018-05-23,0.9810581,0.80096629,-0.06773619
2018-05-24,0.9868963,0.81168973,-0.06218836
2018-05-25,0.98173135,0.80474465,-0.06709642
2018-05-28,0.96081527,0.77560578,-0.08697221
2018-05-29,0.97811568,0.80136441,-0.07053226
2018-05-30,0.97471823,0.79790932,-0.07376073
2018-05-31,0.98045117,0.80448404,-0.06831293
2018-06-01,0.97136134,0.8051342,-0.07695067
2018-06-04,0.96693787,0.80715229,-0.08115413
2018-06-05,0.97452015,0.8161287,-0.07394896
2018-06-06,0.96989053,0.81653277,-0.07834832
2018-06-07,0.97588524,0.81809352,-0.07265176
2018-06-08,0.97302619,0.81465476,-0.07536862
2018-06-11,0.94439547,0.77981501,-0.10257535
2018-06-12,0.92976766,0.76004592,-0.11647562
2018-06-13,0.92115742,0.74889501,-0.12465763
2018-06-14,0.9370046,0.77225551,-0.10959863
2018-06-15,0.91842116,0.75353912,-0.12725779
2018-06-18,0.92400869,0.76955577,-0.12194817
2018-06-19,0.92822301,0.77598492,-0.11794345
2018-06-20,0.92016295,0.77422933,-0.12560263
2018-06-21,0.92034531,0.76982394,-0.12542934
2018-06-22,0.90555546,0.73500591,-0.1394836
2018-06-25,0.90660013,0.7366382,-0.13849089
2018-06-26,0.89791708,0.72245446,-0.14674207
2018-06-27,0.90147825,0.72737003,-0.14335803
2018-06-28,0.89309377,0.71389579,-0.15132549
2018-06-29,0.89999794,0.72726294,-0.1447647
2018-07-02,0.90148365,0.74870829,-0.14335289
2018-07-03,0.90831798,0.74358462,-0.13685848
2018-07-04,0.909847,0.74703244,-0.13540551
2018-07-05,0.91306628,0.74801805,-0.13234634
2018-07-06,0.91513133,0.75220322,-0.130384
2018-07-09,0.91525299,0.75453321,-0.13026839
2018-07-10,0.89787814,0.73347261,-0.14677908
2018-07-11,0.90261343,0.7374325,-0.1422793
2018-07-12,0.89644486,0.73174509,-0.14814107
2018-07-13,0.89589465,0.73118707,-0.14866392
2018-07-16,0.91858152,0.75712062,-0.12710541
2018-07-17,0.9357913,0.77511658,-0.11075158
2018-07-18,0.93291291,0.77010018,-0.11348681
2018-07-19,0.9321671,0.76805706,-0.11419552
2018-07-20,0.92470318,0.75783498,-0.12128822
2018-07-23,0.93302299,0.76358836,-0.1133822
2018-07-24,0.9535488,0.78773746,-0.09387727
2018-07-25,0.9476954,0.78311281,-0.09943955
2018-07-26,0.94053949,0.7731331,-0.10623955
2018-07-27,0.94759898,0.78007863,-0.09953117
2018-07-30,0.94380115,0.77356143,-0.10314011
2018-07-31,0.92889858,0.75877727,-0.11730148
2018-08-01,0.92323646,0.74918327,-0.12268199
2018-08-02,0.91898682,0.74432637,-0.12672027
2018-08-03,0.91873787,0.74657424,-0.12695683
2018-08-06,0.90506516,0.73206723,-0.13994951
2018-08-07,0.89249921,0.71753843,-0.15189048
2018-08-08,0.87587097,0.6997478,-0.16769169
2018-08-09,0.88367816,0.70897539,-0.1602728
2018-08-10,0.86517701,0.68781761,-0.17785377
2018-08-13,0.85077693,0.66605444,-0.19153764
2018-08-14,0.84759296,0.66293215,-0.19456325
2018-08-15,0.85029432,0.66345379,-0.19199625
2018-08-16,0.85347691,0.66818759,-0.18897195
2018-08-17,0.86997998,0.68946321,-0.17328969
2018-08-20,0.84662295,0.66272461,-0.19548502
2018-08-21,0.85529659,0.67288197,-0.18724277
2018-08-22,0.84889442,0.66609197,-0.19332652
2018-08-23,0.85433184,0.67079728,-0.18815954
2018-08-24,0.85952643,0.67993754,-0.18322331
2018-08-27,0.86652833,0.68845086,-0.17656966
2018-08-28,0.86062367,0.6935577,-0.18218064
2018-08-29,0.86195181,0.69089563,-0.18091856
2018-08-30,0.85816294,0.68687174,-0.18451898
2018-08-31,0.85461253,0.68571501,-0.18789281
2018-09-03,0.86094653,0.69430008,-0.18187385
2018-09-04,0.85217726,0.69222643,-0.19020696
2018-09-05,0.83196058,0.64962158,-0.20941814
2018-09-06,0.83336182,0.64700953,-0.20808659
2018-09-07,0.82189163,0.6345811,-0.21898629
2018-09-10,0.81828112,0.62249751,-0.22241723
2018-09-11,0.81066652,0.61395659,-0.22965311
2018-09-12,0.81620143,0.61477835,-0.22439348
2018-09-13,0.82421368,0.63568517,-0.21677973
2018-09-14,0.81748268,0.63293518,-0.22317595
2018-09-17,0.8140913,0.62059184,-0.22639866
2018-09-18,0.81099492,0.62893486,-0.22934104
2018-09-19,0.81040775,0.6308768,-0.229899
2018-09-20,0.81733759,0.64325971,-0.22331383
2018-09-21,0.82072932,0.65997853,-0.22009079
2018-09-24,0.80839649,0.64491659,-0.23181023
2018-09-25,0.80203336,0.63739868,-0.23785688
2018-09-26,0.80037475,0.63453352,-0.239433
2018-09-27,0.80107201,0.64670506,-0.23877042
2018-09-28,0.800455,0.64197023,-0.23935674
2018-10-01,0.79572037,0.64606819,-0.24385588
2018-10-02,0.80260215,0.64323633,-0.23731638
2018-10-03,0.78923342,0.63742238,-0.2500202
2018-10-04,0.787072,0.63830479,-0.25207412
2018-10-05,0.78555977,0.64089139,-0.25351114
2018-10-08,0.77899602,0.64066955,-0.25974843
2018-10-09,0.77687677,0.64062544,-0.26176227
2018-10-10,0.77485421,0.63506743,-0.26368424
2018-10-11,0.77973098,0.60869568,-0.25905002
2018-10-12,0.78204199,0.61364142,-0.25685395
2018-10-15,0.80040759,0.63297052,-0.23940179
2018-10-16,0.80083348,0.63632606,-0.23899709
2018-10-17,0.79948274,0.63390665,-0.24028064
2018-10-18,0.79373121,0.62589741,-0.24574612
2018-10-19,0.79088055,0.62318736,-0.24845499
2018-10-22,0.79293319,0.62414617,-0.24650444
2018-10-23,0.79187351,0.62361325,-0.24751142
2018-10-24,0.79199248,0.62093337,-0.24739837
2018-10-25,0.79040108,0.62077273,-0.24891062
2018-10-26,0.7910886,0.62051261,-0.24825729
2018-10-29,0.78248088,0.61047721,-0.25643689
2018-10-30,0.78221057,0.61105828,-0.25669376
2018-10-31,0.78400913,0.6127398,-0.25498465
2018-11-01,0.78566822,0.61691887,-0.25340808
2018-11-02,0.787394,0.61659024,-0.25176813
2018-11-05,0.79192703,0.62312256,-0.24746056
2018-11-06,0.79772439,0.63030504,-0.24195154
2018-11-07,0.7989595,0.63332501,-0.24077786
2018-11-08,0.79318345,0.62724248,-0.24626663
2018-11-09,0.7903971,0.62318022,-0.2489144
2018-11-12,0.79240043,0.62263258,-0.2470107
2018-11-13,0.79114314,0.62066146,-0.24820546
2018-11-14,0.76113561,0.59662602,-0.27672052
2018-11-15,0.75393019,0.59253008,-0.28356757
2018-11-16,0.74689487,0.58749778,-0.29025299
2018-11-19,0.70626251,0.55165209,-0.32886444
2018-11-20,0.68562989,0.52874416,-0.34847087
2018-11-21,0.69129318,0.53505145,-0.34308924
2018-11-22,0.6755212,0.51901698,-0.35807679
2018-11-23,0.67615552,0.5182166,-0.35747401
2018-11-26,0.64926054,0.49351106,-0.38303133
2018-11-27,0.6501148,0.49436276,-0.38221956
2018-11-28,0.66860636,0.51612515,-0.36464771
2018-11-29,0.66635138,0.51316453,-0.36679054
2018-11-30,0.65631695,0.50404236,-0.37632588
2018-12-03,0.64838863,0.4981323,-0.38385988
2018-12-04,0.65117429,0.49990863,-0.38121277
2018-12-05,0.64070751,0.48852989,-0.39115897
2018-12-06,0.62394746,0.47021673,-0.40708543
2018-12-07,0.6223505,0.46817698,-0.40860296
2018-12-10,0.62072643,0.46600964,-0.41014626
2018-12-11,0.617303,0.46222771,-0.41339942
2018-12-12,0.62071178,0.46596261,-0.41016019
2018-12-13,0.61362293,0.45836165,-0.41689646
2018-12-14,0.60889776,0.45174799,-0.42138662
2018-12-17,0.62707115,0.46947036,-0.40411711
2018-12-18,0.63636694,0.47997284,-0.39528365
2018-12-19,0.63534719,0.47785379,-0.39625268
2018-12-20,0.65726289,0.50134483,-0.37542699
2018-12-21,0.64750061,0.48731267,-0.38470373
2018-12-24,0.67072231,0.51542775,-0.362637
2018-12-25,0.65863636,0.50057155,-0.37412183
2018-12-26,0.66036622,0.50637427,-0.37247801
2018-12-27,0.64646932,0.48946313,-0.38568373
2018-12-28,0.66459096,0.51533038,-0.36846339
2018-12-31,0.65936908,0.51010588,-0.37342555
2019-01-01,0.66520682,0.51850931,-0.36787816
2019-01-02,0.67215223,0.53022865,-0.36127819
2019-01-03,0.66753667,0.52325761,-0.36566419
2019-01-04,0.6705575,0.52935053,-0.36279361
2019-01-07,0.67405762,0.53340363,-0.35946757
2019-01-08,0.67280348,0.53203601,-0.36065934
2019-01-09,0.6733056,0.53371826,-0.36018218
2019-01-10,0.65284462,0.50467884,-0.37962552
2019-01-11,0.65309408,0.50547646,-0.37938846
2019-01-14,0.65481359,0.50726609,-0.37775448
2019-01-15,0.64908841,0.49927228,-0.3831949
2019-01-16,0.65132194,0.50313279,-0.38107246
2019-01-17,0.65197413,0.50451871,-0.38045271
2019-01-18,0.65027465,0.50184071,-0.38206766
2019-01-21,0.64676286,0.49692243,-0.38540479
2019-01-22,0.64899136,0.49969109,-0.38328713
2019-01-23,0.64660032,0.49804409,-0.38555925
2019-01-24,0.64903509,0.49902079,-0.38324557
2019-01-25,0.65319031,0.49960644,-0.37929702
2019-01-28,0.64964549,0.48680505,-0.38266553
2019-01-29,0.65376996,0.48608041,-0.3787462
2019-01-30,0.65774668,0.49298296,-0.37496726
2019-01-31,0.66106252,0.49234934,-0.37181634
2019-02-01,0.6568132,0.49244712,-0.37585432
2019-02-04,0.65639358,0.49317485,-0.37625307
2019-02-05,0.65863069,0.49415401,-0.37412722
2019-02-06,0.65396186,0.48894108,-0.37856384
2019-02-07,0.65788242,0.48866703,-0.37483827
2019-02-08,0.66956386,0.51017819,-0.36373783
2019-02-11,0.6655183,0.50994156,-0.36758218
2019-02-12,0.66576371,0.51249148,-0.36734898
2019-02-13,0.66386258,0.51094507,-0.36915554
2019-02-14,0.66257871,0.51011981,-0.37037556
2019-02-15,0.66357748,0.51339327,-0.36942647
2019-02-18,0.68359402,0.54070587,-0.35040548
2019-02-19,0.68286819,0.54137319,-0.35109521
2019-02-20,0.68189227,0.54653004,-0.35202258
2019-02-21,0.67139682,0.54100385,-0.36199604
2019-02-22,0.67655255,0.54462568,-0.35709673
2019-02-25,0.67001266,0.53345326,-0.36331135
2019-02-26,0.67225027,0.53227683,-0.36118503
2019-02-27,0.66363952,0.52957272,-0.36936751
2019-02-28,0.65962927,0.52854793,-0.37317831
2019-03-01,0.64735195,0.5264332,-0.384845
2019-03-04,0.64500699,0.51588692,-0.38707333
2019-03-05,0.65227913,0.52885113,-0.38016288
2019-03-06,0.65381227,0.52913801,-0.37870599
2019-03-07,0.65646177,0.52871364,-0.37618827
2019-03-08,0.66191242,0.52728643,-0.37100872
2019-03-11,0.6583802,0.52748535,-0.37436526
2019-03-12,0.664576,0.53027958,-0.36847761
2019-03-13,0.6657339,0.52952532,-0.3673773
2019-03-14,0.65794418,0.52820713,-0.37477959
2019-03-15,0.66508437,0.53416657,-0.36799452
2019-03-18,0.66676241,0.53709317,-0.36639995
2019-03-19,0.66781981,0.5386709,-0.36539513
2019-03-20,0.6759913,0.5412624,-0.35763006
2019-03-21,0.66995317,0.53732107,-0.36336788
2019-03-22,0.67092397,0.53820807,-0.36244536
2019-03-25,0.66716163,0.53614948,-0.36602058
2019-03-26,0.66788488,0.53683357,-0.3653333
2019-03-27,0.67579785,0.5432722,-0.3578139
2019-03-28,0.67418493,0.54099582,-0.35934659
2019-03-29,0.68155342,0.54787175,-0.35234459
2019-04-01,0.6820633,0.54647395,-0.35186006
2019-04-02,0.72964821,0.58141689,-0.30664186
2019-04-03,0.72997846,0.57979691,-0.30632803
2019-04-04,0.72726801,0.57802882,-0.30890368
2019-04-05,0.73615805,0.58647533,-0.30045579
2019-04-08,0.75343646,0.60169686,-0.28403675
2019-04-09,0.74786817,0.59728074,-0.28932809
2019-04-10,0.75489472,0.60370574,-0.28265101
2019-04-11,0.73639143,0.58563717,-0.30023402
2019-04-12,0.73682455,0.58555762,-0.29982244
2019-04-15,0.73390295,0.58267754,-0.30259874
2019-04-16,0.74243561,0.58828295,-0.29449046
2019-04-17,0.74363329,0.58874821,-0.29335234
2019-04-18,0.75033038,0.59624755,-0.28698834
2019-04-19,0.74990246,0.59577751,-0.28739498
2019-04-22,0.75173012,0.59604492,-0.28565822
2019-04-23,0.75520885,0.5991631,-0.28235251
2019-04-24,0.7497223,0.59536706,-0.28756618
2019-04-25,0.73636868,0.5834691,-0.30025564
2019-04-26,0.74162539,0.58971086,-0.29526038
2019-04-29,0.73722612,0.58479733,-0.29944084
2019-04-30,0.74448047,0.59265633,-0.2925473
2019-05-01,0.74173965,0.59139225,-0.2951518
2019-05-02,0.74020757,0.59369934,-0.29660768
2019-05-03,0.75156593,0.60642768,-0.28581424
2019-05-06,0.75504315,0.60941805,-0.28250997
2019-05-07,0.76057861,0.6080507,-0.27724983
2019-05-08,0.76033182,0.61115314,-0.27748434
2019-05-09,0.76371065,0.61607907,-0.27427356
2019-05-10,0.76704678,0.62144131,-0.27110336
2019-05-13,0.77711373,0.66223171,-0.2615371
2019-05-14,0.77438667,0.67887479,-0.26412853
2019-05-15,0.78900457,0.70315222,-0.25023767
2019-05-16,0.78242982,0.7065217,-0.25648542
2019-05-17,0.77945427,0.68467179,-0.25931297
2019-05-20,0.77820906,0.69738982,-0.26049625
2019-05-21,0.77592005,0.69920626,-0.26267141
2019-05-22,0.77862031,0.68902414,-0.26010545
2019-05-23,0.7897116,0.69444572,-0.2495658
2019-05-24,0.79267138,0.69946434,-0.24675323
2019-05-27,0.80471519,0.72484098,-0.23530843
2019-05-28,0.80612366,0.72355737,-0.23397002
2019-05-29,0.80677469,0.72072856,-0.23335137
2019-05-30,0.80825511,0.70915066,-0.23194458
2019-05-31,0.82813477,0.72308237,-0.21305366
2019-06-03,0.83007688,0.70794077,-0.21120815
2019-06-04,0.8176725,0.6968933,-0.22299558
2019-06-05,0.82119023,0.70171779,-0.2196528
2019-06-06,0.82285918,0.70550854,-0.21806686
2019-06-07,0.82600091,0.71243146,-0.21508139
2019-06-10,0.81357383,0.70905828,-0.22689039
2019-06-11,0.80977856,0.70591606,-0.2304969
2019-06-12,0.8214402,0.7203548,-0.21941527
2019-06-13,0.81990677,0.72030464,-0.22087243
2019-06-14,0.82997629,0.73227753,-0.21130373
2019-06-17,0.84423921,0.74937083,-0.1977502
2019-06-18,0.83723413,0.74393254,-0.20440687
2019-06-19,0.84118068,0.75017238,-0.20065661
2019-06-20,0.84608914,0.76170915,-0.19599228
2019-06-21,0.86445693,0.78278265,-0.17853803
2019-06-24,0.88243776,0.80865821,-0.16145151
2019-06-25,0.89371028,0.82219952,-0.15073964
2019-06-26,0.91701008,0.8472271,-0.12859869
2019-06-27,0.87999856,0.80365646,-0.16376939
2019-06-28,0.89615206,0.82633503,-0.14841931
2019-07-01,0.87123592,0.79043125,-0.1720962
2019-07-02,0.87194516,0.79669733,-0.17142225
2019-07-03,0.88646697,0.82025578,-0.1576227
2019-07-04,0.87140042,0.79889621,-0.17193989
2019-07-05,0.8717473,0.79492805,-0.17161027
2019-07-08,0.89352155,0.82415706,-0.15091898
2019-07-09,0.89432808,0.82653484,-0.15015257
2019-07-10,0.88314844,0.81316948,-0.16077618
2019-07-11,0.86768675,0.78775353,-0.17546885
2019-07-12,0.87384441,0.79882521,-0.16961746
2019-07-15,0.84467282,0.75828217,-0.19733816
2019-07-16,0.81806461,0.71548933,-0.22262297
2019-07-17,0.82558137,0.73029353,-0.21548006
2019-07-18,0.84047065,0.7571738,-0.20133133
2019-07-19,0.83731314,0.7486229,-0.20433179
2019-07-22,0.83453127,0.7447062,-0.2069753
2019-07-23,0.82817906,0.73369544,-0.21301158
2019-07-24,0.82894035,0.73687267,-0.21228815
2019-07-25,0.83119655,0.73808122,-0.21014417
2019-07-26,0.83055796,0.73859923,-0.21075099
2019-07-29,0.82424269,0.72913528,-0.21675217
2019-07-30,0.82427013,0.72972732,-0.21672609
2019-07-31,0.83263989,0.74100099,-0.20877261
2019-08-01,0.83448298,0.74907735,-0.20702119
2019-08-02,0.83606776,0.75141856,-0.20551523
2019-08-05,0.85318061,0.78021639,-0.18925351
2019-08-06,0.84725353,0.77533485,-0.1948858
2019-08-07,0.85114269,0.7842709,-0.19119008
2019-08-08,0.84910861,0.78546461,-0.19312299
2019-08-09,0.84281371,0.77416011,-0.1991048
2019-08-12,0.8393092,0.77116592,-0.20243501
2019-08-13,0.83394906,0.76361716,-0.20752855
2019-08-14,0.81469177,0.73462596,-0.22582805
2019-08-15,0.81736235,0.74189519,-0.2232903
2019-08-16,0.81599117,0.73995905,-0.22459328
2019-08-19,0.83017993,0.75956219,-0.21111022
2019-08-20,0.82593691,0.75465285,-0.21514221
2019-08-21,0.81564872,0.73844514,-0.2249187
2019-08-22,0.81679521,0.73868457,-0.22382923
2019-08-23,0.82132268,0.74716153,-0.21952695
2019-08-26,0.81832688,0.74380056,-0.22237375
2019-08-27,0.81585883,0.74306666,-0.22471904
2019-08-28,0.80351823,0.72543434,-0.23644586
2019-08-29,0.79907799,0.71894013,-0.24066526
2019-08-30,0.79959602,0.7194088,-0.240173
2019-09-02,0.81203048,0.73850597,-0.22835698
2019-09-03,0.81481317,0.74409175,-0.2257127
2019-09-04,0.81212617,0.74284923,-0.22826605
2019-09-05,0.8115412,0.73757844,-0.22882193
2019-09-06,0.80648837,0.72973995,-0.23362345
2019-09-09,0.81315099,0.73631418,-0.2272922
2019-09-10,0.81088341,0.72889165,-0.22944701
2019-09-11,0.81057433,0.73016819,-0.22974071
2019-09-12,0.81425583,0.73566316,-0.22624232
2019-09-13,0.81373121,0.7303379,-0.22674084
2019-09-16,0.82183215,0.7443721,-0.21904282
2019-09-17,0.82663792,0.75277902,-0.21447607
2019-09-18,0.8275019,0.75380881,-0.21365506
2019-09-19,0.83324215,0.76323697,-0.20820031
2019-09-20,0.83132979,0.76293628,-0.21001756
2019-09-23,0.81746341,0.74459101,-0.22319426
2019-09-24,0.78182883,0.69876181,-0.25705651
2019-09-25,0.78329732,0.69732485,-0.25566106
2019-09-26,0.77617899,0.68839547,-0.26242535
2019-09-27,0.78203413,0.69563303,-0.25686142
2019-09-30,0.78723945,0.70189155,-0.251915
2019-10-01,0.78453003,0.69713562,-0.25448966
2019-10-02,0.78791759,0.70134077,-0.25127058
2019-10-03,0.78300954,0.69771508,-0.25593453
2019-10-04,0.7821981,0.69982456,-0.25670561
2019-10-07,0.78529702,0.70115215,-0.25376082
2019-10-08,0.78539203,0.70076755,-0.25367054
2019-10-09,0.79920449,0.7172229,-0.24054505
2019-10-10,0.7982769,0.71363672,-0.24142651
2019-10-11,0.78660428,0.69959256,-0.25251858
2019-10-14,0.79382484,0.70712938,-0.24565714
2019-10-15,0.78140506,0.69783862,-0.2574592
2019-10-16,0.77935129,0.69098498,-0.25941083
2019-10-17,0.78124156,0.69473369,-0.25761457
2019-10-18,0.77724905,0.68835088,-0.26140851
2019-10-21,0.77016662,0.69285109,-0.26813869
2019-10-22,0.77479114,0.68836437,-0.26374417
2019-10-23,0.76433682,0.67226704,-0.27367853
2019-10-24,0.76482495,0.67055073,-0.27321468
2019-10-25,0.78927235,0.70920298,-0.24998321
2019-10-28,0.78752468,0.71642796,-0.25164395
2019-10-29,0.79216087,0.72599324,-0.24723835
2019-10-30,0.7947374,0.7197145,-0.24478997
2019-10-31,0.80400272,0.72172744,-0.23598547
2019-11-01,0.80380794,0.72445471,-0.23617057
2019-11-04,0.80029342,0.72747024,-0.23951029
2019-11-05,0.78865688,0.72428798,-0.25056807
2019-11-06,0.79418538,0.72818937,-0.24531453
2019-11-07,0.77669858,0.71844299,-0.2619316
2019-11-08,0.7662855,0.7079998,-0.27182677
2019-11-11,0.76558594,0.70778096,-0.27249154
2019-11-12,0.77042397,0.71215829,-0.26789413
2019-11-13,0.77467955,0.71374519,-0.26385021
2019-11-14,0.77769312,0.71144346,-0.26098653
2019-11-15,0.77188383,0.70523643,-0.26650688
2019-11-18,0.76970944,0.69979836,-0.26857313
2019-11-19,0.77157283,0.69828724,-0.26680242
2019-11-20,0.77500654,0.69769045,-0.26353949
2019-11-21,0.75710819,0.67640388,-0.28054764
2019-11-22,0.74620084,0.66030736,-0.2909125
2019-11-25,0.74436525,0.65472586,-0.29265679
2019-11-26,0.74996643,0.65887237,-0.28733419
2019-11-27,0.75383306,0.66931414,-0.28365987
2019-11-28,0.75167132,0.66604846,-0.28571409
2019-11-29,0.76012347,0.67514271,-0.27768232
2019-12-02,0.74488543,0.65880247,-0.29216248
2019-12-03,0.75750939,0.66056175,-0.28016639
2019-12-04,0.75045467,0.65646954,-0.28687023
2019-12-05,0.7528202,0.66210422,-0.28462235
2019-12-06,0.74736843,0.66402602,-0.28980298
2019-12-09,0.74513323,0.65953743,-0.291927
2019-12-10,0.74413526,0.65606878,-0.29287534
2019-12-11,0.74959656,0.65614078,-0.28768567
2019-12-12,0.73874687,0.65575609,-0.29799573
2019-12-13,0.74716947,0.65896954,-0.28999204
2019-12-16,0.74270492,0.64062791,-0.29423454
2019-12-17,0.73101668,0.6246477,-0.30534145
2019-12-18,0.74509237,0.64647138,-0.29196584
2019-12-19,0.74170358,0.64043788,-0.29518608
2019-12-20,0.74261386,0.64142869,-0.29432107
2019-12-23,0.74389739,0.64373112,-0.29310138
2019-12-24,0.7513911,0.64417752,-0.28598038
2019-12-25,0.74854024,0.64056548,-0.28868945
2019-12-26,0.75453148,0.64301569,-0.28299619
2019-12-27,0.75479292,0.6447449,-0.28274776
2019-12-30,0.75448528,0.64899275,-0.2830401
2019-12-31,0.7511903,0.64495627,-0.28617119
2020-01-01,0.7511752,0.64665718,-0.28618554
2020-01-02,0.76126584,0.64239067,-0.27659677
2020-01-03,0.77745296,0.65913311,-0.26121475
2020-01-06,0.7819489,0.67699126,-0.25694242
2020-01-07,0.7822393,0.68181342,-0.25666646
2020-01-08,0.77388439,0.67711912,-0.26460583
2020-01-09,0.77173715,0.67080728,-0.26664627
2020-01-10,0.78730043,0.6856754,-0.25185705
2020-01-13,0.77997301,0.68252854,-0.25882003
2020-01-14,0.80230121,0.71442757,-0.23760235
2020-01-15,0.80914088,0.71737065,-0.23110287
2020-01-16,0.80460597,0.71432799,-0.23541222
2020-01-17,0.80691952,0.72180413,-0.23321374
2020-01-20,0.80197084,0.7148267,-0.23791629
2020-01-21,0.80954662,0.71998367,-0.23071731
2020-01-22,0.80976304,0.71845787,-0.23051164
2020-01-23,0.80762623,0.71074724,-0.23254218
2020-01-24,0.80696109,0.71179794,-0.23317424
2020-01-27,0.82635371,0.72697065,-0.21474614
2020-01-28,0.82586243,0.73822665,-0.21521299
2020-01-29,0.83159997,0.7375675,-0.20976081
2020-01-30,0.84330925,0.75054082,-0.19863391
2020-01-31,0.84597689,0.7436327,-0.19609894
2020-02-03,0.84425906,0.75026524,-0.19773134
2020-02-04,0.8286275,0.74638188,-0.21258544
2020-02-05,0.84587867,0.76475988,-0.19619228
2020-02-06,0.85508278,0.77629869,-0.18744595
2020-02-07,0.86236795,0.78573754,-0.18052311
2020-02-10,0.86277615,0.7880469,-0.18013522
2020-02-11,0.86610752,0.80240738,-0.17696954
2020-02-12,0.87415458,0.82294405,-0.16932271
2020-02-13,0.87945592,0.82437383,-0.16428504
2020-02-14,0.8887759,0.83802624,-0.1554286
2020-02-17,0.8749337,0.8171252,-0.16858234
2020-02-18,0.89629176,0.83643808,-0.14828655
2020-02-19,0.88612553,0.8138868,-0.15794715
2020-02-20,0.89204832,0.81425391,-0.15231894
2020-02-21,0.91025506,0.82310438,-0.13501774
2020-02-24,0.92334642,0.82126484,-0.1225775
2020-02-25,0.91145082,0.79651286,-0.13388145
2020-02-26,0.91139073,0.77142883,-0.13393855
2020-02-27,0.91821546,0.76933889,-0.12745326
2020-02-28,0.90397727,0.76344323,-0.1409833
2020-03-02,0.90164226,0.7768459,-0.14320217
2020-03-03,0.93367256,0.77133195,-0.11276494
2020-03-04,0.92822609,0.77640268,-0.11794052
2020-03-05,0.96023148,0.78648074,-0.08752696
2020-03-06,0.9988687,0.80440829,-0.05081142
2020-03-09,1.01721434,0.74515778,-0.03337823
2020-03-10,0.96891907,0.7394545,-0.07927147
2020-03-11,0.94784394,0.72238104,-0.09929839
2020-03-12,0.92369598,0.56504487,-0.12224532
2020-03-13,0.89637702,0.61165549,-0.14820554
2020-03-16,0.91697425,0.56951233,-0.12863274
2020-03-17,0.89815594,0.58019784,-0.14651509
2020-03-18,0.86979026,0.56936313,-0.17346997
2020-03-19,0.86830908,0.60293946,-0.17487748
2020-03-20,0.89619143,0.60584079,-0.14838189
2020-03-23,0.92817359,0.62014642,-0.11799041
2020-03-24,0.94466929,0.64230733,-0.10231515
2020-03-25,0.9382216,0.63870408,-0.10844215
2020-03-26,0.94485959,0.65161879,-0.10213432
2020-03-27,0.94935806,0.63609086,-0.09785958
2020-03-30,0.94894746,0.64109251,-0.09824976
2020-03-31,0.93322941,0.63496255,-0.11318605
2020-04-01,0.94032799,0.63924224,-0.10644053
2020-04-02,0.94859534,0.65323559,-0.09858437
2020-04-03,0.95122198,0.65115974,-0.09608837
2020-04-06,0.96158694,0.70076393,-0.08623892
2020-04-07,0.95654605,0.69061216,-0.09102909
2020-04-08,0.95101503,0.70308804,-0.09628503
2020-04-09,0.96170948,0.70465532,-0.08612248
2020-04-10,0.96170179,0.6863444,-0.08612979
2020-04-13,0.96581682,0.6844123,-0.08221942
2020-04-14,0.96879899,0.69196551,-0.07938557
2020-04-15,0.97405837,0.68181248,-0.07438777
2020-04-16,0.97683871,0.71046612,-0.07174572
2020-04-17,0.96547823,0.70673793,-0.08254117
2020-04-20,0.97038644,0.70187625,-0.07787708
2020-04-21,0.97118398,0.69909194,-0.0771192
2020-04-22,0.97588462,0.71887232,-0.07265235
2020-04-23,0.98115542,0.73036666,-0.06764371
2020-04-24,0.98015036,0.73418312,-0.06859878
2020-04-27,0.97241641,0.74449642,-0.07594807
2020-04-28,0.97383531,0.74408943,-0.07459975
2020-04-29,0.97452637,0.78148501,-0.07394306
2020-04-30,0.96432859,0.76575667,-0.08363363
2020-05-01,0.96860634,0.77170577,-0.07956865
2020-05-04,0.96864127,0.7686476,-0.07953545
2020-05-05,0.9684893,0.77141645,-0.07967986
2020-05-06,0.95922035,0.76313836,-0.08848781
2020-05-07,0.96938232,0.79356392,-0.07883125
2020-05-08,0.96360331,0.78963683,-0.08432284
2020-05-11,0.95919119,0.7469279,-0.08851551
2020-05-12,0.96335142,0.75354887,-0.0845622
2020-05-13,0.96879031,0.76941822,-0.07939382
2020-05-14,0.97471596,0.78486853,-0.07376289
2020-05-15,0.97613136,0.77171586,-0.07241789
2020-05-18,0.96729054,0.79394526,-0.08081899
2020-05-19,0.97188877,0.79485751,-0.07644947
2020-05-20,0.97358736,0.79060023,-0.07483536
2020-05-21,0.96869516,0.77157349,-0.07948424
2020-05-22,0.9725188,0.78203965,-0.07585078
2020-05-25,0.97250051,0.77496342,-0.07586815
2020-05-26,0.96325526,0.76904373,-0.08465358
2020-05-27,0.96347014,0.78318899,-0.08444939
2020-05-28,0.96380903,0.79790284,-0.08412735
2020-05-29,0.96870218,0.79875182,-0.07947757
2020-06-01,0.96827134,0.83087609,-0.07988698
2020-06-02,0.96460176,0.81206967,-0.08337404
2020-06-03,0.95302813,0.81612514,-0.09437204
2020-06-04,0.95278298,0.81620844,-0.09460501
2020-06-05,0.9419962,0.81087361,-0.10485529
2020-06-08,0.94775896,0.82220497,-0.09937915
2020-06-09,0.95562303,0.82250392,-0.09190621
2020-06-10,0.9673605,0.83093513,-0.08075252
2020-06-11,0.97195526,0.80103202,-0.07638628
2020-06-12,0.97385431,0.80963704,-0.07458169
2020-06-15,0.97038664,0.80565609,-0.07787689
2020-06-16,0.96036971,0.81093867,-0.08739561
2020-06-17,0.96382256,0.80918722,-0.08411449
2020-06-18,0.9690169,0.8075089,-0.0791785
2020-06-19,0.97148921,0.80487232,-0.07682915
2020-06-22,0.98397761,0.8231657,-0.06496188
2020-06-23,0.98358264,0.82314323,-0.06533721
2020-06-24,0.97976557,0.8085857,-0.06896443
2020-06-25,0.97944716,0.80841824,-0.06926701
2020-06-26,0.98414285,0.80345422,-0.06480486
2020-06-29,0.9826387,0.80471051,-0.0662342
2020-06-30,0.98077344,0.80408681,-0.06800669
2020-07-01,0.98080332,0.80943695,-0.0679783
2020-07-02,0.97844074,0.80507813,-0.07022337
2020-07-03,0.97588525,0.80344339,-0.07265176
2020-07-06,0.99186215,0.82296356,-0.0574695
2020-07-07,0.98893754,0.8215424,-0.06024864
2020-07-08,0.99676709,0.83146316,-0.05280851
2020-07-09,0.99004534,0.82570162,-0.05919594
2020-07-10,0.9905872,0.8266239,-0.05868103
2020-07-13,0.98858227,0.82391516,-0.06058624
2020-07-14,0.98944832,0.82793131,-0.05976327
2020-07-15,0.98715544,0.82650761,-0.06194211
2020-07-16,0.9825142,0.82051649,-0.0663525
2020-07-17,0.98228285,0.82173092,-0.06657235
2020-07-20,0.98469308,0.82672101,-0.064282
2020-07-21,0.99551466,0.83992144,-0.05399864
2020-07-22,1.00960558,0.85836492,-0.04060856
2020-07-23,1.01858734,0.86876149,-0.03207352
2020-07-24,1.01958602,0.87033872,-0.03112451
2020-07-27,1.07449002,0.92620135,-0.0
2020-07-28,1.06970173,0.92276286,-0.00445633
2020-07-29,1.07344932,0.92991778,-0.00096855
2020-07-30,1.08219357,0.93890401,-0.0
2020-07-31,1.09197558,0.95232214,-0.0
2020-08-03,1.1084006,0.97154781,-0.0
2020-08-04,1.10950113,0.97962107,-0.0
2020-08-05,1.12572933,0.99601671,-0.0
2020-08-06,1.1233271,0.99840063,-0.00213393
2020-08-07,1.11265846,0.98328869,-0.01161102
2020-08-10,1.12639344,0.99556485,-0.0
2020-08-11,1.07087758,0.96403321,-0.04928638
2020-08-12,1.06783276,0.97107503,-0.05198954
2020-08-13,1.08606629,0.99493769,-0.03580201
2020-08-14,1.07909232,0.99924655,-0.04199343
2020-08-17,1.09485399,1.01006455,-0.02800039
2020-08-18,1.10698502,1.00392912,-0.01723058
2020-08-19,1.08100976,0.98532383,-0.04029114
2020-08-20,1.09326888,0.99482439,-0.02940763
2020-08-21,1.09405774,0.97596462,-0.02870729
2020-08-24,1.08926168,0.98991581,-0.03296518
2020-08-25,1.08285608,0.96975656,-0.038652
2020-08-26,1.0861177,0.97714125,-0.03575637
2020-08-27,1.06335358,0.96844344,-0.05596611
2020-08-28,1.0725766,0.98220428,-0.04777801
2020-08-31,1.08010528,1.00392162,-0.04109414
2020-09-01,1.09035566,1.0315046,-0.03199395
2020-09-02,1.09129921,1.00831749,-0.03115628
2020-09-03,1.08912107,0.94994997,-0.03309001
2020-09-04,1.07160475,0.95282853,-0.04864081
2020-09-07,1.07156343,0.93531186,-0.04867749
2020-09-08,1.07624001,0.91780366,-0.04452568
2020-09-09,1.07927208,0.93162651,-0.04183384
2020-09-10,1.08236708,0.93973094,-0.03908613
2020-09-11,1.08445701,0.94404121,-0.03723071
2020-09-14,1.08908005,0.95489251,-0.03312643
2020-09-15,1.08520321,0.95023399,-0.03656825
2020-09-16,1.08385855,0.95294861,-0.03776202
2020-09-17,1.08369377,0.96286046,-0.03790831
2020-09-18,1.08127816,0.95694234,-0.04005286
2020-09-21,1.07458581,0.92007543,-0.04599426
2020-09-22,1.07096848,0.92495792,-0.04920568
2020-09-23,1.05992001,0.89898677,-0.0590144
2020-09-24,1.06588541,0.92484739,-0.05371838
2020-09-25,1.06430241,0.92799098,-0.05512375
2020-09-28,1.06691358,0.93363105,-0.05280558
2020-09-29,1.0727566,0.93996985,-0.04761822
2020-09-30,1.05929035,0.93736021,-0.05957341
2020-10-01,1.0647837,0.93391427,-0.05469647
2020-10-02,1.05814694,0.92655853,-0.06058851
2020-10-05,1.03926273,0.93519964,-0.07735371
2020-10-06,1.03830454,0.92111973,-0.07820438
2020-10-07,1.03074028,0.92447771,-0.08491985
2020-10-08,1.03796824,0.93729162,-0.07850294
2020-10-09,1.04936601,0.95191233,-0.06838413
2020-10-12,1.06249278,0.97421244,-0.05673032
2020-10-13,1.05880336,0.96666152,-0.06000575
2020-10-14,1.06097346,0.96524184,-0.05807916
2020-10-15,1.06204402,0.96630581,-0.05712872
2020-10-16,1.05305324,0.95557868,-0.06511064
2020-10-19,1.05974824,0.96632704,-0.0591669
2020-10-20,1.05792151,0.96320353,-0.06078865
2020-10-21,1.08495281,0.98864511,-0.03679055
2020-10-22,1.09715683,1.00026724,-0.02595595
2020-10-23,1.09453823,0.99888304,-0.02828072
2020-10-26,1.09113301,0.9906561,-0.03130383
2020-10-27,1.10665482,1.00604988,-0.01752374
2020-10-28,1.09020249,0.98296561,-0.03212993
2020-10-29,1.08353286,0.98444802,-0.03805116
2020-10-30,1.07828824,0.98048425,-0.04270728
2020-11-02,1.08697301,0.98594829,-0.03499703
2020-11-03,1.09273996,0.99871942,-0.0298772
2020-11-04,1.11398741,1.01656089,-0.01101394
2020-11-05,1.14985787,1.05293633,-0.0
2020-11-06,1.15184962,1.06956331,-0.0
2020-11-09,1.10684684,1.04921145,-0.03907002
2020-11-10,1.10558019,1.05078147,-0.04016968
2020-11-11,1.11336251,1.06337584,-0.03341331
2020-11-12,1.13439801,1.07399101,-0.01515094
2020-11-13,1.14066104,1.08498008,-0.00971357
2020-11-16,1.13949494,1.08494332,-0.01072595
2020-11-17,1.15725163,1.10648836,-0.0
2020-11-18,1.15648222,1.10291962,-0.00066486
2020-11-19,1.15306526,1.10156956,-0.0036175
2020-11-20,1.17751663,1.13081915,-0.0
2020-11-23,1.18075551,1.16349632,-0.0
2020-11-24,1.18949821,1.16974987,-0.0
2020-11-25,1.17398533,1.14915885,-0.01304153
2020-11-26,1.13730084,1.10878334,-0.04388184
2020-11-27,1.13676835,1.10866042,-0.0443295
2020-11-30,1.2038512,1.17713831,-0.0
2020-12-01,1.18379761,1.15733456,-0.01665786
2020-12-02,1.19237424,1.16766573,-0.00953353
2020-12-03,1.19998821,1.181325,-0.00320886
2020-12-04,1.17745559,1.15059643,-0.02192597
2020-12-07,1.1991761,1.17162242,-0.00388345
2020-12-08,1.18993828,1.14904791,-0.01155701
2020-12-09,1.19618296,1.15236267,-0.00636975
2020-12-10,1.18884738,1.14457391,-0.01246318
2020-12-11,1.1821272,1.13677292,-0.01804542
2020-12-14,1.2085611,1.16615746,-0.0
2020-12-15,1.21103175,1.17455875,-0.0
2020-12-16,1.24596147,1.21697609,-0.0
2020-12-17,1.26277053,1.23839576,-0.0
2020-12-18,1.26884114,1.24280264,-0.0
2020-12-21,1.25241892,1.21987174,-0.01294269
2020-12-22,1.27095387,1.24174367,-0.0
2020-12-23,1.25151171,1.21537446,-0.0152973
2020-12-24,1.26348415,1.23438982,-0.00587726
2020-12-25,1.27133421,1.25029715,-0.0
2020-12-28,1.30240516,1.31434228,-0.0
2020-12-29,1.30552663,1.31798822,-0.0
2020-12-30,1.32350608,1.34230103,-0.0
2020-12-31,1.32476139,1.33981652,-0.0
2021-01-01,1.32587632,1.34082424,-0.0
2021-01-04,1.39488017,1.46727608,-0.0
2021-01-05,1.40533534,1.50176706,-0.0
2021-01-06,1.39913595,1.54534943,-0.00441133
2021-01-07,1.40311038,1.57247328,-0.00158322
2021-01-08,1.38288841,1.56929892,-0.01597265
2021-01-11,1.34841748,1.48984408,-0.04050127
2021-01-12,1.34286853,1.46983978,-0.04444976
2021-01-13,1.36876172,1.52243502,-0.02602484
2021-01-14,1.37512184,1.55914275,-0.02149915
2021-01-15,1.35777437,1.51859226,-0.03384315
2021-01-18,1.36378935,1.54034399,-0.02956305
2021-01-19,1.3754692,1.56538062,-0.02125197
2021-01-20,1.38449164,1.57401342,-0.01483183
2021-01-21,1.34096115,1.46439541,-0.045807
2021-01-22,1.3555366,1.51243813,-0.03543549
2021-01-25,1.36893795,1.53137067,-0.02589944
2021-01-26,1.36480242,1.54259532,-0.02884217
2021-01-27,1.36266091,1.48418101,-0.03036601
2021-01-28,1.35655483,1.53512363,-0.03471094
2021-01-29,1.34889415,1.54632784,-0.04016208
2021-02-01,1.35061182,1.54650113,-0.03893983
2021-02-02,1.35042639,1.59266772,-0.03907178
2021-02-03,1.35560371,1.63968137,-0.03538774
2021-02-04,1.33342167,1.61570063,-0.0511719
2021-02-05,1.34128621,1.65358774,-0.04557569
2021-02-08,1.37611152,1.73177851,-0.02079491
2021-02-09,1.37985868,1.73701682,-0.01812853
2021-02-10,1.38356898,1.72260192,-0.01548838
2021-02-11,1.38209854,1.75074296,-0.0165347
2021-02-12,1.36862564,1.75256895,-0.02612167
2021-02-15,1.36742717,1.74535769,-0.02697447
2021-02-16,1.3460042,1.74398426,-0.04221849
2021-02-17,1.35389344,1.77620552,-0.03660472
2021-02-18,1.3483521,1.78619636,-0.04054779
2021-02-19,1.33579352,1.81426633,-0.04948415
2021-02-22,1.33895581,1.76816189,-0.04723395
2021-02-23,1.33363629,1.69064407,-0.05101918
2021-02-24,1.32528638,1.70696209,-0.05696076
2021-02-25,1.29094997,1.63840647,-0.08139365
2021-02-26,1.30905892,1.62548388,-0.0685078
2021-03-01,1.29161144,1.67833016,-0.08092296
2021-03-02,1.29631398,1.6516597,-0.07757676
2021-03-03,1.2751254,1.6703676,-0.092654
2021-03-04,1.25990522,1.64150506,-0.10348428
2021-03-05,1.261277,1.64856549,-0.10250816
2021-03-08,1.27016863,1.72629614,-0.09618111
2021-03-09,1.29968502,1.76679478,-0.07517802
2021-03-10,1.30293138,1.76313075,-0.07286799
2021-03-11,1.29383457,1.78182811,-0.07934104
2021-03-12,1.27138958,1.75947777,-0.09531231
2021-03-15,1.28080789,1.76050653,-0.08861049
2021-03-16,1.27759736,1.7693794,-0.09089502
2021-03-17,1.27609653,1.78642574,-0.09196297
2021-03-18,1.26122535,1.75850736,-0.10254491
2021-03-19,1.27075071,1.76917994,-0.09576692
2021-03-22,1.28044402,1.72506094,-0.08886941
2021-03-23,1.28142442,1.72189382,-0.08817178
2021-03-24,1.2790086,1.69199938,-0.08989082
2021-03-25,1.26970747,1.68424036,-0.09650926
2021-03-26,1.28159853,1.737076,-0.08804789
2021-03-29,1.27865587,1.76949006,-0.09014181
2021-03-30,1.27462383,1.7756574,-0.0930109
2021-03-31,1.28386261,1.79543491,-0.08643683
2021-04-01,1.30430177,1.81823253,-0.07189285
2021-04-02,1.31428976,1.84930004,-0.06478566
2021-04-05,1.31312271,1.84935509,-0.06561611
2021-04-06,1.31017638,1.84825214,-0.06771264
2021-04-07,1.29429848,1.80534395,-0.07901094
2021-04-08,1.30840809,1.84874737,-0.06897091
2021-04-09,1.30770166,1.84528,-0.06947358
2021-04-12,1.31740974,1.86630494,-0.06256557
2021-04-13,1.33823616,1.923346,-0.04774603
2021-04-14,1.34456577,1.93713496,-0.04324205
2021-04-15,1.37000933,1.96815154,-0.02513707
2021-04-16,1.36040991,1.94281876,-0.03196777
2021-04-19,1.33005963,1.85830236,-0.05356424
2021-04-20,1.34584443,1.89212577,-0.04233218
2021-04-21,1.3489837,1.88643913,-0.04009836
2021-04-22,1.34428571,1.8736959,-0.04344133
2021-04-23,1.33711957,1.86650104,-0.04854057
2021-04-26,1.3530625,1.91393893,-0.03719599
2021-04-27,1.35362809,1.93643456,-0.03679354
2021-04-28,1.35925542,1.9483284,-0.03278927
2021-04-29,1.35140517,1.94001637,-0.0383753
2021-04-30,1.36143326,1.96829465,-0.03123958
2021-05-03,1.39563771,2.05608751,-0.00690058
2021-05-04,1.39389599,2.00078052,-0.00813995
2021-05-05,1.41892771,2.06878127,-0.0
2021-05-06,1.42876625,2.06794514,-0.0
2021-05-07,1.43406666,2.0781189,-0.0
2021-05-10,1.43850717,2.11255513,-0.0
2021-05-11,1.44301038,2.13668504,-0.0
2021-05-12,1.39672117,2.02748518,-0.03207823
2021-05-13,1.40177899,2.02361927,-0.02857318
2021-05-14,1.42123685,2.07640785,-0.01508897
2021-05-17,1.43127647,1.93813342,-0.00813155
2021-05-18,1.43059886,1.9391425,-0.00860113
2021-05-19,1.42873022,1.76008599,-0.00989609
2021-05-20,1.44247054,1.85021608,-0.00037411
2021-05-21,1.44638551,1.77359422,-0.0
2021-05-24,1.45230019,1.8246466,-0.0
2021-05-25,1.47229601,1.83378444,-0.0
2021-05-26,1.46846508,1.86579547,-0.00260201
2021-05-27,1.46432407,1.83906427,-0.00541463
2021-05-28,1.46657641,1.76638094,-0.00388481
2021-05-31,1.46657582,1.82332905,-0.00388522
2021-06-01,1.46179294,1.80619373,-0.00713381
2021-06-02,1.46966538,1.82769798,-0.00178675
2021-06-03,1.44397838,1.85374532,-0.01923365
2021-06-04,1.47060969,1.82043865,-0.00114537
2021-06-07,1.47096655,1.77367296,-0.00090298
2021-06-08,1.47613415,1.76155035,-0.0
2021-06-09,1.48466204,1.81846357,-0.0
2021-06-10,1.496275,1.79709865,-0.0
2021-06-11,1.4826902,1.78203645,-0.00907907
2021-06-14,1.48670412,1.84090067,-0.00639647
2021-06-15,1.48101581,1.82967376,-0.01019812
2021-06-16,1.46313451,1.77887274,-0.02214866
2021-06-17,1.45171574,1.77137506,-0.02978012
2021-06-18,1.47051214,1.72738168,-0.017218
2021-06-21,1.46063253,1.63160731,-0.0238208
2021-06-22,1.45956024,1.64088987,-0.02453744
2021-06-23,1.4557553,1.66637709,-0.02708038
2021-06-24,1.4570735,1.68195787,-0.02619939
2021-06-25,1.44762858,1.61865524,-0.03251168
2021-06-28,1.45981403,1.69897253,-0.02436783
2021-06-29,1.45135404,1.72292132,-0.03002186
2021-06-30,1.46143796,1.73516348,-0.02328251
2021-07-01,1.46328374,1.69586877,-0.02204893
2021-07-02,1.47706251,1.71323699,-0.01284021
2021-07-05,1.477058,1.71894619,-0.01284323
2021-07-06,1.49631003,1.74882011,-0.0
2021-07-07,1.51104449,1.7498968,-0.0
2021-07-08,1.5151842,1.70672915,-0.0
2021-07-09,1.5010553,1.72124604,-0.00932487
2021-07-12,1.49815927,1.69527548,-0.01123621
2021-07-13,1.49021979,1.67281422,-0.01647616
2021-07-14,1.51504387,1.69094764,-9.261e-05
2021-07-15,1.52853295,1.67087796,-0.0
2021-07-16,1.51570031,1.65161196,-0.0083954
2021-07-19,1.54331298,1.63824152,-0.0
2021-07-20,1.53032237,1.62209795,-0.00841735
2021-07-21,1.51127606,1.68106856,-0.02075854
2021-07-22,1.52427601,1.69198391,-0.01233513
2021-07-23,1.51301814,1.7224745,-0.01962974
2021-07-26,1.50695564,1.77372828,-0.02355798
2021-07-27,1.52078086,1.80853683,-0.01459984
2021-07-28,1.52668535,1.81558139,-0.01077398
2021-07-29,1.53327836,1.83183803,-0.006502
2021-07-30,1.53885247,1.86054807,-0.00289022
2021-08-02,1.54011416,1.85548466,-0.0020727
2021-08-03,1.53350258,1.83530653,-0.00635672
2021-08-04,1.5477992,1.87942111,-0.0
2021-08-05,1.55566942,1.90300207,-0.0
2021-08-06,1.56725015,1.91417807,-0.0
2021-08-09,1.59305433,1.96985882,-0.0
2021-08-10,1.58940686,1.96057592,-0.00228961
2021-08-11,1.5899166,1.96839959,-0.00196963
2021-08-12,1.57868011,1.9448987,-0.00902305
2021-08-13,1.60929208,2.02118513,-0.0
2021-08-16,1.59095988,1.98705689,-0.01139147
2021-08-17,1.577596,1.95595694,-0.01969567
2021-08-18,1.57780212,1.95371849,-0.01956759
2021-08-19,1.59709123,1.99542924,-0.0075815
2021-08-20,1.6141738,2.03313728,-0.0
2021-08-23,1.6169653,2.04725685,-0.0
2021-08-24,1.59979808,2.01054319,-0.01061694
2021-08-25,1.60904841,2.02315573,-0.00489614
2021-08-26,1.59127763,1.9875484,-0.01588635
2021-08-27,1.61221807,2.04139752,-0.00293589
2021-08-30,1.60001434,2.01910978,-0.01048319
2021-08-31,1.61210734,2.0419151,-0.00300437
2021-09-01,1.64159515,2.10256709,-0.0
2021-09-02,1.64168393,2.10378541,-0.0
2021-09-03,1.65300255,2.12742134,-0.0
2021-09-06,1.66520648,2.14839005,-0.0
2021-09-07,1.61007093,2.03039455,-0.03311034
2021-09-08,1.60945285,2.03205564,-0.03348151
2021-09-09,1.60718422,2.03134843,-0.03484388
2021-09-10,1.58738824,1.98283575,-0.04673189
2021-09-13,1.5921752,1.99776478,-0.04385719
2021-09-14,1.62332708,2.03999435,-0.02514968
2021-09-15,1.62481321,2.06916465,-0.02425722
2021-09-16,1.59352806,2.04866796,-0.04304477
2021-09-17,1.57897329,2.01740739,-0.05178529
2021-09-20,1.56132521,1.92862626,-0.06238342
2021-09-21,1.54668532,1.8816501,-0.07117505
2021-09-22,1.57526463,1.95264037,-0.05401243
2021-09-23,1.5512966,1.96508873,-0.06840586
2021-09-24,1.52352299,1.9146416,-0.08508464
2021-09-27,1.51949887,1.90658443,-0.08750123
2021-09-28,1.50349268,1.86327125,-0.09711336
2021-09-29,1.50321136,1.87338444,-0.0972823
2021-09-30,1.53469588,1.91529505,-0.07837502
2021-10-01,1.57217382,1.99874723,-0.05586854
2021-10-04,1.58082732,2.01247034,-0.05067189
2021-10-05,1.58064171,2.04410829,-0.05078336
2021-10-06,1.6024746,2.08593061,-0.03767213
2021-10-07,1.58399137,2.07273828,-0.0487718
2021-10-08,1.5775655,2.06770971,-0.0526307
2021-10-11,1.58309484,2.0866503,-0.04931018
2021-10-12,1.5972391,2.07773855,-0.04081619
2021-10-13,1.63137759,2.11452612,-0.02031513
2021-10-14,1.63810686,2.14523422,-0.01627403
2021-10-15,1.61198265,2.17932563,-0.0319623
2021-10-18,1.6151015,2.16976835,-0.03008935
2021-10-19,1.60105763,2.19931437,-0.03852306
2021-10-20,1.61622262,2.24509605,-0.02941609
2021-10-21,1.60012914,2.20713994,-0.03908064
2021-10-22,1.6087001,2.19454426,-0.03393356
2021-10-25,1.62881114,2.24333625,-0.02185635
2021-10-26,1.61916325,2.21474057,-0.02765016
2021-10-27,1.6251405,2.18478203,-0.02406067
2021-10-28,1.6414803,2.24281675,-0.01424819
2021-10-29,1.64614558,2.26734524,-0.01144657
2021-11-01,1.63560642,2.24651771,-0.01777561
2021-11-02,1.65355722,2.29384932,-0.00699568
2021-11-03,1.63508562,2.28704529,-0.01808836
2021-11-04,1.6492501,2.28097993,-0.00958222
2021-11-05,1.67247173,2.2859595,-0.0
2021-11-08,1.70513128,2.36841218,-0.0
2021-11-09,1.71846131,2.36371844,-0.0
2021-11-10,1.70260072,2.33123551,-0.00922953
2021-11-11,1.70953789,2.34154334,-0.00519268
2021-11-12,1.70368497,2.33382067,-0.00859858
2021-11-15,1.68569965,2.31339635,-0.01906453
2021-11-16,1.6530306,2.24772241,-0.03807517
2021-11-17,1.6725462,2.26472346,-0.02671873
2021-11-18,1.65118927,2.20869553,-0.03914667
2021-11-19,1.6697463,2.25021069,-0.02834804
2021-11-22,1.65100016,2.19741265,-0.03925672
2021-11-23,1.66958495,2.22438665,-0.02844193
2021-11-24,1.66431212,2.22186469,-0.03151027
2021-11-25,1.68533426,2.2619993,-0.01927716
2021-11-26,1.63680064,2.17103787,-0.04751964
2021-11-29,1.67460169,2.24636725,-0.02552261
2021-11-30,1.6816614,2.25322392,-0.02141445
2021-12-01,1.68861533,2.24942717,-0.01736785
2021-12-02,1.679322,2.24167293,-0.02277579
2021-12-03,1.67680392,2.19352294,-0.0242411
2021-12-06,1.6570296,2.17845396,-0.03574809
2021-12-07,1.65385796,2.18250771,-0.03759371
2021-12-08,1.65966013,2.18830924,-0.03421734
2021-12-09,1.62780615,2.12591398,-0.05275368
2021-12-10,1.6149367,2.10505375,-0.06024262
2021-12-13,1.60643557,2.09193697,-0.06518956
2021-12-14,1.61968453,2.10706177,-0.05747978
2021-12-15,1.63158856,2.13313847,-0.05055263
2021-12-16,1.62119805,2.1168168,-0.05659904
2021-12-17,1.60783261,2.09231233,-0.0643766
2021-12-20,1.61647822,2.09738429,-0.05934558
2021-12-21,1.63169849,2.12783293,-0.05048866
2021-12-22,1.62795759,2.13169372,-0.05266555
2021-12-23,1.64803582,2.16504728,-0.04098171
2021-12-24,1.64406174,2.15799278,-0.04329429
2021-12-27,1.64280569,2.16414916,-0.04402521
2021-12-28,1.60904705,2.10612844,-0.0636699
2021-12-29,1.59211883,2.07403908,-0.0735207
2021-12-30,1.60123973,2.09417493,-0.0682131
2021-12-31,1.59360102,2.08495026,-0.07265819
2022-01-03,1.60076329,2.08191344,-0.06849035
2022-01-04,1.59809317,2.079674,-0.07004413
2022-01-05,1.56687487,2.01903394,-0.08821056
2022-01-06,1.54617503,1.99585752,-0.10025613
2022-01-07,1.5283652,1.95425795,-0.11061995
2022-01-10,1.52855799,1.94383991,-0.11050776
2022-01-11,1.55806776,1.98264681,-0.09333556
2022-01-12,1.55700695,2.00995194,-0.09395286
2022-01-13,1.56089508,1.97843703,-0.0916903
2022-01-14,1.54231559,1.98413652,-0.102502
2022-01-17,1.5423008,1.9643409,-0.10251061
2022-01-18,1.52673063,1.94643818,-0.11157113
2022-01-19,1.55486522,1.93535579,-0.09519917
2022-01-20,1.55741013,1.91288433,-0.09371824
2022-01-21,1.56455105,1.80974788,-0.08956283
2022-01-24,1.56408132,1.7938459,-0.08983618
2022-01-25,1.56691244,1.79577197,-0.0881887
2022-01-26,1.53299035,1.78384225,-0.1079285
2022-01-27,1.53326576,1.78166525,-0.10776824
2022-01-28,1.52959578,1.81234363,-0.10990386
2022-01-31,1.53254605,1.84620229,-0.10818705
2022-02-01,1.52914152,1.8630411,-0.1101682
2022-02-02,1.53722374,1.8371768,-0.10546503
2022-02-03,1.52773334,1.83117874,-0.11098764
2022-02-04,1.51556761,1.90779011,-0.11806708
2022-02-07,1.52600568,1.94830939,-0.111993
2022-02-08,1.52358112,1.94900305,-0.11340388
2022-02-09,1.52989343,1.97540573,-0.10973065
2022-02-10,1.50961696,1.93156279,-0.12152985
2022-02-11,1.54896294,1.90822698,-0.0986338
2022-02-14,1.5438148,1.90598342,-0.10162958
2022-02-15,1.52005887,1.95394168,-0.11545354
2022-02-16,1.53952599,1.94717666,-0.10412531
2022-02-17,1.53085198,1.88702478,-0.10917285
2022-02-18,1.52913402,1.86830591,-0.11017256
2022-02-21,1.488193,1.81083124,-0.1339968
2022-02-22,1.50317341,1.82999139,-0.12527946
2022-02-23,1.49106623,1.80276407,-0.13232482
2022-02-24,1.50046029,1.81869987,-0.12685826
2022-02-25,1.52126626,1.85784532,-0.11475094
2022-02-28,1.56104174,1.92547918,-0.09160495
2022-03-01,1.57341481,1.94888381,-0.08440487
2022-03-02,1.53057916,1.92996439,-0.10933161
2022-03-03,1.53066139,1.90638708,-0.10928376
2022-03-04,1.52939802,1.85597347,-0.11001894
2022-03-07,1.50824555,1.81770722,-0.1223279
2022-03-08,1.52072581,1.84043294,-0.11506543
2022-03-09,1.55483308,1.88629455,-0.09521787
2022-03-10,1.52872265,1.84047716,-0.11041195
2022-03-11,1.52002493,1.82087668,-0.11547329
2022-03-14,1.52887654,1.8174301,-0.11032239
2022-03-15,1.52874804,1.81819142,-0.11039717
2022-03-16,1.55334761,1.87037086,-0.09608229
2022-03-17,1.55510758,1.87737652,-0.09505813
2022-03-18,1.57022001,1.90597347,-0.08626397
2022-03-21,1.56174587,1.88657962,-0.09119521
2022-03-22,1.57629711,1.90603963,-0.08272761
2022-03-23,1.58449819,1.92771982,-0.07795527
2022-03-24,1.59688502,1.95262522,-0.07074718
2022-03-25,1.59822107,1.94923416,-0.06996971
2022-03-28,1.63150539,2.00075847,-0.05060103
2022-03-29,1.63787382,2.01963572,-0.04689514
2022-03-30,1.63477409,2.01861912,-0.04869893
2022-03-31,1.61832589,1.98751815,-0.05827039
2022-04-01,1.63482994,2.01438572,-0.04866642
2022-04-04,1.63658647,2.02700445,-0.04764427
2022-04-05,1.60692543,1.98771709,-0.0649045
2022-04-06,1.5817521,1.93248287,-0.07955326
2022-04-07,1.58389571,1.94252453,-0.07830586
2022-04-08,1.57472533,1.92473981,-0.08364226
2022-04-11,1.54525092,1.86272237,-0.10079388
2022-04-12,1.55482383,1.87475243,-0.09522325
2022-04-13,1.56889686,1.90274586,-0.08703393
2022-04-14,1.54364394,1.86611755,-0.10172901
2022-04-15,1.54726639,1.87407449,-0.09962105
2022-04-18,1.54841141,1.87766508,-0.09895474
2022-04-19,1.52528934,1.88711314,-0.11240984
2022-04-20,1.54749073,1.89182875,-0.0994905
2022-04-21,1.53743952,1.86253125,-0.10533946
2022-04-22,1.52176181,1.83654213,-0.11446257
2022-04-25,1.51170744,1.84770923,-0.12031337
2022-04-26,1.52168955,1.79506517,-0.11450462
2022-04-27,1.50332632,1.80918807,-0.12519047
2022-04-28,1.50985024,1.83143528,-0.1213941
2022-04-29,1.49888024,1.78738492,-0.12777772
2022-05-02,1.46505109,1.78030405,-0.14746344
2022-05-03,1.47287103,1.76841793,-0.14291289
2022-05-04,1.48647649,1.82282263,-0.13499566
2022-05-05,1.46072139,1.74509339,-0.14998296
2022-05-06,1.45079221,1.726244,-0.15576091
2022-05-09,1.44383599,1.59104647,-0.15980884
2022-05-10,1.44293284,1.61778561,-0.1603344
2022-05-11,1.46523098,1.56410634,-0.14735876
2022-05-12,1.4493353,1.53847217,-0.15660871
2022-05-13,1.43061431,1.54907501,-0.16750275
2022-05-16,1.43852228,1.55875991,-0.16290098
2022-05-17,1.42370504,1.57550827,-0.17152336
2022-05-18,1.43994373,1.52413821,-0.16207382
2022-05-19,1.45506272,1.56062625,-0.15327583
2022-05-20,1.46407923,1.54338111,-0.14802898
2022-05-23,1.45606159,1.54668044,-0.15269457
2022-05-24,1.47771875,1.55942044,-0.14009193
2022-05-25,1.47155299,1.5544817,-0.14367988
2022-05-26,1.45408748,1.5301791,-0.15384334
2022-05-27,1.44723255,1.52118569,-0.15783233
2022-05-30,1.48629496,1.5988403,-0.13510129
2022-05-31,1.46338691,1.57859233,-0.14843185
2022-06-01,1.44699045,1.53640349,-0.15797322
2022-06-02,1.46046282,1.5555474,-0.15013343
2022-06-03,1.44726982,1.52883829,-0.15781065
2022-06-06,1.42774804,1.55394085,-0.16917068
2022-06-07,1.44356563,1.55193178,-0.15996617
2022-06-08,1.43054115,1.53259856,-0.16754533
2022-06-09,1.42856438,1.52379821,-0.16869564
2022-06-10,1.41987586,1.48477916,-0.17375162
2022-06-13,1.30158434,1.29780508,-0.24258734
2022-06-14,1.28771386,1.28740239,-0.2506588
2022-06-15,1.31047735,1.31052612,-0.23741236
2022-06-16,1.29616918,1.24336126,-0.24573851
2022-06-17,1.29408547,1.24665234,-0.24695106
2022-06-20,1.29811107,1.25727218,-0.2446085
2022-06-21,1.28746697,1.25957423,-0.25080247
2022-06-22,1.29317,1.24047097,-0.24748378
2022-06-23,1.30716385,1.27891338,-0.23934054
2022-06-24,1.306629,1.30218968,-0.23965178
2022-06-27,1.296547,1.28562872,-0.24551865
2022-06-28,1.29123637,1.26481255,-0.24860899
2022-06-29,1.30039511,1.25649176,-0.24327938
2022-06-30,1.30016149,1.24612255,-0.24341532
2022-07-01,1.3049033,1.23954973,-0.24065599
2022-07-04,1.30489664,1.2724697,-0.24065987
2022-07-05,1.28837227,1.26461968,-0.25027566
2022-07-06,1.26155481,1.27380615,-0.26588117
2022-07-07,1.25628963,1.29924834,-0.26894506
2022-07-08,1.24933931,1.29094431,-0.27298956
2022-07-11,1.25552052,1.24524025,-0.26939262
2022-07-12,1.25584446,1.22224818,-0.26920411
2022-07-13,1.26783015,1.25387284,-0.26222945
2022-07-14,1.26140274,1.26914708,-0.26596966
2022-07-15,1.26656734,1.28585158,-0.26296429
2022-07-18,1.29170205,1.36709925,-0.24833801
2022-07-19,1.29348453,1.37833299,-0.24730076
2022-07-20,1.28618711,1.37243356,-0.25154724
2022-07-21,1.3068056,1.3926172,-0.23954901
2022-07-22,1.31224539,1.3825199,-0.23638351
2022-07-25,1.29370276,1.34505798,-0.24717376
2022-07-26,1.29334934,1.34258567,-0.24737942
2022-07-27,1.31593054,1.40525903,-0.23423906
2022-07-28,1.3370962,1.44037868,-0.22192243
2022-07-29,1.33723092,1.44326388,-0.22184403
2022-08-01,1.34610718,1.42850795,-0.2166788
2022-08-02,1.32926326,1.4155132,-0.22648054
2022-08-03,1.33727363,1.42071759,-0.22181918
2022-08-04,1.34773639,1.4208513,-0.21573073
2022-08-05,1.3611493,1.44088632,-0.20792555
2022-08-08,1.36774952,1.46041448,-0.20408477
2022-08-09,1.35750073,1.43848885,-0.21004871
2022-08-10,1.37396797,1.47659447,-0.20046616
2022-08-11,1.37555391,1.4728225,-0.19954327
2022-08-12,1.38416556,1.50141724,-0.19453202
2022-08-15,1.37801534,1.48554211,-0.19811093
2022-08-16,1.37509739,1.48034594,-0.19980893
2022-08-17,1.35992402,1.4601543,-0.20863856
2022-08-18,1.35841567,1.46069469,-0.20951629
2022-08-19,1.31936966,1.38062166,-0.23223779
2022-08-22,1.31690067,1.38211037,-0.23367453
2022-08-23,1.32209694,1.39037849,-0.23065074
2022-08-24,1.31919163,1.38647937,-0.23234138
2022-08-25,1.33219598,1.40400856,-0.22477394
2022-08-26,1.32447364,1.3438189,-0.2292677
2022-08-29,1.31931573,1.34823201,-0.23226917
2022-08-30,1.3122818,1.33261109,-0.23636233
2022-08-31,1.29745582,1.33424593,-0.2449898
2022-09-01,1.27418576,1.33376234,-0.25853102
2022-09-02,1.28681957,1.33056697,-0.2511792
2022-09-05,1.28680536,1.33557657,-0.25118747
2022-09-06,1.26235517,1.30288801,-0.26541543
2022-09-07,1.28442682,1.33307379,-0.25257158
2022-09-08,1.27043704,1.33170629,-0.26071246
2022-09-09,1.27799471,1.37851414,-0.25631453
2022-09-12,1.27806011,1.39341508,-0.25627647
2022-09-13,1.26474952,1.32650148,-0.26402211
2022-09-14,1.26283445,1.33872267,-0.26513652
2022-09-15,1.24155082,1.29557806,-0.27752181
2022-09-16,1.24128296,1.28623369,-0.27767768
2022-09-19,1.24376909,1.27497921,-0.27623096
2022-09-20,1.23054624,1.24946348,-0.28392555
2022-09-21,1.24738359,1.22997626,-0.27412762
2022-09-22,1.22809811,1.24919826,-0.28535015
2022-09-23,1.21309837,1.2403783,-0.29407874
2022-09-26,1.18855639,1.23111893,-0.30836011
2022-09-27,1.17292701,1.22104708,-0.31745509
2022-09-28,1.2147353,1.24502141,-0.29312619
2022-09-29,1.21124801,1.24043494,-0.29515549
2022-09-30,1.20324304,1.22995748,-0.29981371
2022-10-03,1.2354222,1.2472446,-0.28108815
2022-10-04,1.24696997,1.27397498,-0.27436832
2022-10-05,1.23564396,1.26554204,-0.28095911
2022-10-06,1.23102393,1.25872051,-0.28364757
2022-10-07,1.21454612,1.23713189,-0.29323627
2022-10-10,1.1908883,1.21491887,-0.30700314
2022-10-11,1.1917967,1.21116318,-0.30647452
2022-10-12,1.19950018,1.21676141,-0.30199174
2022-10-13,1.18745384,1.22046243,-0.3090017
2022-10-14,1.17120881,1.20903378,-0.31845494
2022-10-17,1.1706058,1.22592312,-0.31880584
2022-10-18,1.17393902,1.22324558,-0.31686619
2022-10-19,1.15089984,1.20640888,-0.33027305
2022-10-20,1.13908459,1.19835113,-0.33714854
2022-10-21,1.14318871,1.20875225,-0.33476028
2022-10-24,1.1355324,1.2190445,-0.33921561
2022-10-25,1.15521119,1.26064907,-0.32776421
2022-10-26,1.16919289,1.29056683,-0.31962804
2022-10-27,1.17423987,1.27683284,-0.31669112
2022-10-28,1.1610943,1.28893653,-0.32434074
2022-10-31,1.14962727,1.28486263,-0.33101359
2022-11-01,1.1627039,1.28896458,-0.32340408
2022-11-02,1.15396687,1.26548026,-0.3284883
2022-11-03,1.14737627,1.26333303,-0.33232348
2022-11-04,1.16250366,1.30044395,-0.32352061
2022-11-07,1.15294657,1.28007674,-0.32908203
2022-11-08,1.17819442,1.22337012,-0.3143899
2022-11-09,1.17635858,1.13699502,-0.31545821
2022-11-10,1.22459211,1.2281185,-0.28739035
2022-11-11,1.22718772,1.22179671,-0.28587992
2022-11-14,1.22731096,1.20435062,-0.28580821
2022-11-15,1.23993801,1.2171356,-0.27846033
2022-11-16,1.25151565,1.20924679,-0.27172311
2022-11-17,1.23950017,1.20148264,-0.27871512
2022-11-18,1.23008504,1.20178414,-0.28419393
2022-11-21,1.22833786,1.16569653,-0.28521064
2022-11-22,1.23772917,1.18572936,-0.27974569
2022-11-23,1.25294702,1.20759496,-0.27089017
2022-11-24,1.25293766,1.21142592,-0.27089562
2022-11-25,1.25153025,1.20874283,-0.27171462
2022-11-28,1.24699286,1.1927153,-0.274355
2022-11-29,1.24368984,1.20382346,-0.27627708
2022-11-30,1.25819865,1.2419969,-0.26783417
2022-12-01,1.29128954,1.24737289,-0.24857805
2022-12-02,1.29632716,1.25477131,-0.24564658
2022-12-05,1.27397687,1.23354365,-0.25865257
2022-12-06,1.28387567,1.2378995,-0.2528923
2022-12-07,1.30524647,1.23385254,-0.24045629
2022-12-08,1.304234,1.25066757,-0.24104547
2022-12-09,1.29120507,1.23839332,-0.24862721
2022-12-12,1.28638029,1.24426138,-0.25143482
2022-12-13,1.30561786,1.26972154,-0.24024018
2022-12-14,1.30618085,1.26640633,-0.23991256
2022-12-15,1.29395072,1.24207928,-0.24702947
2022-12-16,1.29379626,1.20690437,-0.24711935
2022-12-19,1.28135509,1.19749743,-0.25435907
2022-12-20,1.28358691,1.21401883,-0.25306034
2022-12-21,1.28380974,1.21617929,-0.25293067
2022-12-22,1.27394771,1.21043291,-0.25866954
2022-12-23,1.26686272,1.20880618,-0.26279241
2022-12-26,1.26686115,1.21243701,-0.26279332
2022-12-27,1.26086375,1.20234945,-0.2662833
2022-12-28,1.25349544,1.19031017,-0.27057104
2022-12-29,1.26510277,1.2019253,-0.26381655
2022-12-30,1.26191153,1.19925115,-0.26567359
2023-01-02,1.26190197,1.20298353,-0.26567915
2023-01-03,1.28095528,1.2086781,-0.25459172
2023-01-04,1.29760778,1.22704083,-0.24490137
2023-01-05,1.28949529,1.22081132,-0.24962215
2023-01-06,1.3169753,1.24066886,-0.2336311
2023-01-09,1.32229672,1.2556244,-0.23053448
2023-01-10,1.31475524,1.26080755,-0.23492299
2023-01-11,1.32435218,1.2852186,-0.22933838
2023-01-12,1.34711318,1.31187957,-0.21609339
2023-01-13,1.35160338,1.3348766,-0.21348047
2023-01-16,1.35158442,1.373933,-0.2134915
2023-01-17,1.34134977,1.36721069,-0.21944721
2023-01-18,1.35512101,1.35308765,-0.2114335
2023-01-19,1.36509387,1.36585045,-0.20563014
2023-01-20,1.35101419,1.40427911,-0.21382333
2023-01-23,1.34954802,1.40439536,-0.21467652
2023-01-24,1.36239603,1.39325045,-0.20720005
2023-01-25,1.36823608,1.41048353,-0.20380164
2023-01-26,1.35668692,1.40715608,-0.21052227
2023-01-27,1.35372025,1.40687583,-0.21224863
2023-01-30,1.34866364,1.39300896,-0.21519115
2023-01-31,1.35762863,1.40738669,-0.20997428
2023-02-01,1.3769725,1.43390362,-0.19871778
2023-02-02,1.3563486,1.42970253,-0.21071915
2023-02-03,1.31929852,1.41799244,-0.23227918
2023-02-06,1.31599779,1.39813571,-0.23419993
2023-02-07,1.31127429,1.41534842,-0.23694861
2023-02-08,1.31692778,1.40739018,-0.23365875
2023-02-09,1.30261443,1.36740908,-0.24198792
2023-02-10,1.29642396,1.35759461,-0.24559025
2023-02-13,1.29752586,1.36211905,-0.24494904
2023-02-14,1.29661468,1.37590161,-0.24547927
2023-02-15,1.28064393,1.41754107,-0.25477291
2023-02-16,1.26981444,1.39363211,-0.26107476
2023-02-17,1.27793203,1.41770658,-0.256351
2023-02-20,1.27792952,1.4224078,-0.25635246
2023-02-21,1.26089391,1.3983362,-0.26626575
2023-02-22,1.26192312,1.39301472,-0.26566684
2023-02-23,1.26802776,1.39550446,-0.26211445
2023-02-24,1.25183253,1.37079721,-0.27153872
2023-02-27,1.25747689,1.38154651,-0.26825417
2023-02-28,1.26514545,1.37408297,-0.26379171
2023-03-01,1.2611903,1.38683366,-0.26609328
2023-03-02,1.25398281,1.38152535,-0.27028743
2023-03-03,1.28238764,1.36867059,-0.25375821
2023-03-06,1.27154142,1.3653996,-0.2600698
2023-03-07,1.25873631,1.35480269,-0.2675213
2023-03-08,1.25899518,1.34416396,-0.26737066
2023-03-09,1.27041243,1.30854231,-0.26072678
2023-03-10,1.31810188,1.3144868,-0.23297553
2023-03-13,1.34257336,1.41340337,-0.21873518
2023-03-14,1.32451279,1.42254367,-0.22924491
2023-03-15,1.34651621,1.41555722,-0.21644078
2023-03-16,1.35062006,1.43115766,-0.21405268
2023-03-17,1.40826922,1.4854951,-0.18050572
2023-03-20,1.39992467,1.47977647,-0.18536154
2023-03-21,1.3915307,1.49107182,-0.19024612
2023-03-22,1.39783866,1.47452558,-0.18657543
2023-03-23,1.42061837,1.50358141,-0.17331955
2023-03-24,1.40276567,1.48363477,-0.18370832
2023-03-27,1.39496099,1.46502657,-0.18824998
2023-03-28,1.40637638,1.47852594,-0.18160719
2023-03-29,1.41083266,1.49572463,-0.17901401
2023-03-30,1.41725677,1.49823184,-0.17527572
2023-03-31,1.42759185,1.51466587,-0.16926157
2023-04-03,1.42840379,1.50965371,-0.16878909
2023-04-04,1.45178532,1.52893443,-0.155183
2023-04-05,1.46102708,1.53734289,-0.14980508
2023-04-06,1.45346015,1.52976097,-0.15420839
2023-04-07,1.44971814,1.52694575,-0.15638593
2023-04-10,1.47157763,1.54604643,-0.14366554
2023-04-11,1.47361566,1.5512322,-0.14247958
2023-04-12,1.47477026,1.55241968,-0.1418077
2023-04-13,1.49209003,1.57841203,-0.13172905
2023-04-14,1.50452918,1.58358347,-0.12449051
2023-04-17,1.48314983,1.56471892,-0.1369315
2023-04-18,1.49683458,1.58169904,-0.12896812
2023-04-19,1.46637145,1.53692459,-0.1466951
2023-04-20,1.47176609,1.53457111,-0.14355587
2023-04-21,1.44596118,1.50423372,-0.15857216
2023-04-24,1.45496254,1.50996162,-0.15333413
2023-04-25,1.47510226,1.52363138,-0.14161451
2023-04-26,1.45959418,1.51863513,-0.1506389
2023-04-27,1.45084892,1.53972011,-0.15572791
2023-04-28,1.46511173,1.54278831,-0.14742815
2023-05-01,1.43281629,1.50831314,-0.16622138
2023-05-02,1.47252165,1.53107711,-0.14311621
2023-05-03,1.48551056,1.54276901,-0.13555775
2023-05-04,1.48454116,1.5331235,-0.13612186
2023-05-05,1.46591802,1.55853662,-0.14695896
2023-05-08,1.43228579,1.51162143,-0.16653009
2023-05-09,1.43472554,1.51073092,-0.16511036
2023-05-10,1.4383715,1.51337382,-0.16298872
2023-05-11,1.42938766,1.49874932,-0.16821656
2023-05-12,1.423717,1.49558036,-0.17151641
2023-05-15,1.42278583,1.49965665,-0.17205827
2023-05-16,1.41263389,1.49288571,-0.17796584
2023-05-17,1.4109849,1.49832663,-0.17892542
2023-05-18,1.39226103,1.48509162,-0.18982114
2023-05-19,1.39620478,1.48806603,-0.1875262
2023-05-22,1.39300002,1.48690956,-0.1893911
2023-05-23,1.40146395,1.49480523,-0.18446581
2023-05-24,1.38217212,1.4701237,-0.19569203
2023-05-25,1.3762217,1.47162968,-0.19915468
2023-05-26,1.38695501,1.48518504,-0.19290879
2023-05-29,1.40024842,1.50693869,-0.18517315
2023-05-30,1.41057569,1.51273382,-0.17916354
2023-05-31,1.41081303,1.50450766,-0.17902543
2023-06-01,1.41292192,1.50381977,-0.17779824
2023-06-02,1.40408688,1.51227175,-0.18293949
2023-06-05,1.3864014,1.4803315,-0.19323095
2023-06-06,1.41332456,1.51205483,-0.17756393
2023-06-07,1.38134308,1.48448201,-0.19617447
2023-06-08,1.40086418,1.49765096,-0.18481483
2023-06-09,1.39731021,1.49588093,-0.18688294
2023-06-12,1.38035307,1.4764486,-0.19675057
2023-06-13,1.36851808,1.47319245,-0.20363753
2023-06-14,1.35433757,1.45142032,-0.2118894
2023-06-15,1.37263062,1.46808028,-0.20124438
2023-06-16,1.36630897,1.48173978,-0.20492305
2023-06-19,1.36629097,1.49062278,-0.20493352
2023-06-20,1.3820909,1.51329669,-0.1957393
2023-06-21,1.40924818,1.54586368,-0.17993604
2023-06-22,1.38520928,1.5362353,-0.19392466
2023-06-23,1.40205452,1.54937181,-0.18412215
2023-06-26,1.39676102,1.53916911,-0.18720252
2023-06-27,1.39824787,1.54965363,-0.1863373
2023-06-28,1.38665192,1.53395413,-0.19308517
2023-06-29,1.37904879,1.53699391,-0.19750955
2023-06-30,1.40271042,1.55995124,-0.18374047
2023-07-03,1.39536765,1.56848285,-0.18801334
2023-07-04,1.39535764,1.56143255,-0.18801917
2023-07-05,1.38252636,1.55005998,-0.19548589
2023-07-06,1.36630798,1.525625,-0.20492363
2023-07-07,1.36988319,1.53392726,-0.20284316
2023-07-10,1.37191141,1.53757723,-0.20166291
2023-07-11,1.38081875,1.54404796,-0.19647958
2023-07-12,1.40686614,1.5505902,-0.18132219
2023-07-13,1.41703974,1.58898697,-0.17540201
2023-07-14,1.4078612,1.56359936,-0.18074315
2023-07-17,1.40916415,1.55894095,-0.17998494
2023-07-18,1.42729721,1.56102513,-0.16943302
2023-07-19,1.4377481,1.56438839,-0.16335148
2023-07-20,1.420366,1.55626192,-0.17346641
2023-07-21,1.41687096,1.55648211,-0.17550023
2023-07-24,1.4083422,1.54089143,-0.18046325
2023-07-25,1.41282879,1.5446957,-0.17785243
2023-07-26,1.41935925,1.55023552,-0.17405225
2023-07-27,1.38240819,1.53410853,-0.19555466
2023-07-28,1.39627483,1.54422042,-0.18748544
2023-07-31,1.40161551,1.54252882,-0.18437761
2023-08-01,1.37153223,1.54031224,-0.20188355
2023-08-02,1.35625825,1.52033188,-0.21077173
2023-08-03,1.33477759,1.51168765,-0.22327166
2023-08-04,1.35426115,1.51497515,-0.21193387
2023-08-07,1.34303298,1.5147429,-0.21846772
2023-08-08,1.34565722,1.52524787,-0.21694063
2023-08-09,1.34438574,1.52123235,-0.21768053
2023-08-10,1.32921061,1.51420834,-0.22651118
2023-08-11,1.32729746,1.51243525,-0.22762447
2023-08-14,1.3218991,1.51201593,-0.23076587
2023-08-15,1.3139002,1.5007608,-0.23542055
2023-08-16,1.30091602,1.48616552,-0.24297625
2023-08-17,1.29578581,1.43876695,-0.2459616
2023-08-18,1.29867614,1.43034693,-0.24427967
2023-08-21,1.29159118,1.43096909,-0.24840253
2023-08-22,1.29935356,1.42643833,-0.24388547
2023-08-23,1.33037221,1.45145942,-0.22583522
2023-08-24,1.325003,1.43947736,-0.22895965
2023-08-25,1.32585961,1.43946459,-0.22846118
2023-08-28,1.33018982,1.44295292,-0.22594136
2023-08-29,1.35017644,1.48359158,-0.21431083
2023-08-30,1.35255314,1.47659028,-0.21292779
2023-08-31,1.35373887,1.45163133,-0.21223779
2023-09-01,1.34073957,1.44244524,-0.21980229
2023-09-04,1.3407126,1.4429257,-0.21981799
2023-09-05,1.32017215,1.43557155,-0.2317708
2023-09-06,1.31606765,1.43245221,-0.23415928
2023-09-07,1.31936376,1.44076049,-0.23224122
2023-09-08,1.32247167,1.43654519,-0.23043267
2023-09-11,1.31977288,1.41340599,-0.23200315
2023-09-12,1.31717565,1.42698318,-0.23351451
2023-09-13,1.31403586,1.43340937,-0.23534161
2023-09-14,1.30971278,1.44056842,-0.23785728
2023-09-15,1.31487988,1.43964853,-0.23485046
2023-09-18,1.3244053,1.44409171,-0.22930746
2023-09-19,1.32488543,1.44701158,-0.22902807
2023-09-20,1.32698602,1.44085881,-0.2278057
2023-09-21,1.29468799,1.4138538,-0.24660044
2023-09-22,1.30321667,1.41814969,-0.24163747
2023-09-25,1.27905578,1.40705151,-0.25569708
2023-09-26,1.2666332,1.39978143,-0.26292597
2023-09-27,1.25397434,1.39738158,-0.27029236
2023-09-28,1.26560379,1.41468715,-0.263525
2023-09-29,1.2574766,1.41237472,-0.26825434
2023-10-02,1.24325715,1.40886855,-0.27652887
2023-10-03,1.22884154,1.39654742,-0.28491754
2023-10-04,1.23703406,1.40429655,-0.28015018
2023-10-05,1.22097732,1.3925759,-0.28949385
2023-10-06,1.23847129,1.40487995,-0.27931383
2023-10-09,1.21443131,1.40355006,-0.29330308
2023-10-10,1.20773574,1.39988053,-0.29719934
2023-10-11,1.19928695,1.40340819,-0.30211582
2023-10-12,1.18980189,1.38707171,-0.30763533
2023-10-13,1.19493906,1.40278397,-0.30464593
2023-10-16,1.23385458,1.42500343,-0.28200037
2023-10-17,1.22281557,1.41514515,-0.28842414
2023-10-18,1.22128751,1.4118758,-0.28931335
2023-10-19,1.22779939,1.41145077,-0.28552398
2023-10-20,1.25160905,1.4262915,-0.27166876
2023-10-23,1.34069026,1.48786602,-0.21983099
2023-10-24,1.35407326,1.5049089,-0.21204321
2023-10-25,1.36064265,1.50046261,-0.20822038
2023-10-26,1.3605638,1.50159119,-0.20826626
2023-10-27,1.35249519,1.49611849,-0.21296151
2023-10-30,1.36522118,1.50671281,-0.20555605
2023-10-31,1.36818987,1.50785197,-0.20382853
2023-11-01,1.38346536,1.52771754,-0.19493948
2023-11-02,1.36838647,1.52951425,-0.20371412
2023-11-03,1.37291593,1.53889742,-0.20107836
2023-11-06,1.39076304,1.54838352,-0.19069284
2023-11-07,1.39124304,1.55305759,-0.19041352
2023-11-08,1.39418238,1.55786965,-0.18870307
2023-11-09,1.45185438,1.59542339,-0.15514282
2023-11-10,1.45101473,1.59719917,-0.15563142
2023-11-13,1.43709898,1.58698839,-0.16372922
2023-11-14,1.41341068,1.58329713,-0.17751382
2023-11-15,1.45316075,1.61121489,-0.15438262
2023-11-16,1.41817325,1.58909393,-0.1747424
2023-11-17,1.42263441,1.59473029,-0.17214638
2023-11-20,1.44161669,1.61562828,-0.16110029
2023-11-21,1.40893481,1.58894989,-0.1801184
2023-11-22,1.4481865,1.6255523,-0.15727721
2023-11-23,1.44685607,1.62440072,-0.15805141
2023-11-24,1.45425556,1.62899994,-0.15374553
2023-11-27,1.44059994,1.6234533,-0.16169195
2023-11-28,1.4499608,1.6370442,-0.15624472
2023-11-29,1.44717626,1.63859358,-0.15786509
2023-11-30,1.44958879,1.63729057,-0.1564612
2023-12-01,1.46518629,1.66391738,-0.14738477
2023-12-04,1.52309407,1.70539352,-0.1136873
2023-12-05,1.54980119,1.73556895,-0.09814601
2023-12-06,1.53765119,1.72829688,-0.10521629
2023-12-07,1.55188552,1.74423097,-0.0969331
2023-12-08,1.56032152,1.74578322,-0.09202406
2023-12-11,1.51431316,1.69894366,-0.11879706
2023-12-12,1.51318684,1.69995321,-0.11945248
2023-12-13,1.53306074,1.74028653,-0.10788754
2023-12-14,1.54218909,1.76101177,-0.10257561
2023-12-15,1.51938505,1.73268591,-0.11584564
2023-12-18,1.52523773,1.73915248,-0.11243988
2023-12-19,1.51604921,1.73579973,-0.11778682
2023-12-20,1.53106924,1.74653657,-0.10904643
2023-12-21,1.53800727,1.75753951,-0.10500908
2023-12-22,1.55088474,1.77220044,-0.09751547
2023-12-25,1.54024485,1.76085089,-0.10370699
2023-12-26,1.52573495,1.75097253,-0.11215054
2023-12-27,1.55353067,1.7896771,-0.09597576
2023-12-28,1.54188378,1.77280916,-0.10275327
2023-12-29,1.53178482,1.75705532,-0.10863002
2024-01-01,1.54735861,1.78244065,-0.09956738
2024-01-02,1.5465996,1.78417833,-0.10000906
2024-01-03,1.51628331,1.74043411,-0.1176506
2024-01-04,1.5324794,1.75375751,-0.10822583
2024-01-05,1.5326533,1.7511344,-0.10812464
2024-01-08,1.55006733,1.78814817,-0.09799114
2024-01-09,1.54335728,1.7811006,-0.10189582
2024-01-10,1.57560011,1.8199589,-0.08313321
2024-01-11,1.58028085,1.82480197,-0.08040941
2024-01-12,1.54050611,1.78562006,-0.10355496
2024-01-15,1.53725347,1.78182289,-0.10544772
2024-01-16,1.52499588,1.78657544,-0.11258061
2024-01-17,1.51375455,1.76914643,-0.11912212
2024-01-18,1.500269,1.7513729,-0.12696958
2024-01-19,1.50862134,1.76370953,-0.12210922
2024-01-22,1.48173946,1.72145147,-0.13775221
2024-01-23,1.4760199,1.71311069,-0.14108051
2024-01-24,1.46533305,1.70908422,-0.14729936
2024-01-25,1.47086344,1.71094842,-0.14408114
2024-01-26,1.48991805,1.73282697,-0.13299296
2024-01-29,1.51446212,1.76179803,-0.11871038
2024-01-30,1.52208933,1.76608428,-0.11427198
2024-01-31,1.52953175,1.75139831,-0.10994112
2024-02-01,1.559284,1.7727271,-0.09262781
2024-02-02,1.52429938,1.76685967,-0.11298592
2024-02-05,1.4974083,1.75132652,-0.12863427
2024-02-06,1.51320966,1.77148783,-0.1194392
2024-02-07,1.50819837,1.79060316,-0.12235535
2024-02-08,1.50141488,1.79503839,-0.12630277
2024-02-09,1.49444621,1.81928556,-0.13035795
2024-02-12,1.49217791,1.86457175,-0.13167791
2024-02-13,1.45825969,1.84345312,-0.15141547
2024-02-14,1.46217612,1.88243722,-0.14913643
2024-02-15,1.47550707,1.8965875,-0.14137894
2024-02-16,1.4747643,1.89285879,-0.14181117
2024-02-19,1.47475701,1.90922797,-0.14181541
2024-02-20,1.48324611,1.92232789,-0.13687547
2024-02-21,1.47661284,1.91093421,-0.14073547
2024-02-22,1.48172755,1.9170901,-0.13775914
2024-02-23,1.50162208,1.91412912,-0.1261822
2024-02-26,1.49586029,1.97058556,-0.12953508
2024-02-27,1.48806012,1.99451501,-0.13407412
2024-02-28,1.49615699,2.05101833,-0.12936242
2024-02-29,1.50946234,2.04360814,-0.12161983
2024-03-01,1.53770258,2.07618171,-0.10518638
2024-03-04,1.55555023,2.14186867,-0.09480055
2024-03-05,1.57764823,2.1082533,-0.08194137
2024-03-06,1.59479512,2.16257869,-0.07196332
2024-03-07,1.6018825,2.17948399,-0.06783906
2024-03-08,1.61175187,2.18982687,-0.06209592
2024-03-11,1.61378706,2.23519607,-0.06091161
2024-03-12,1.58694432,2.21804478,-0.07653183
2024-03-13,1.59695661,2.23103535,-0.07070552
2024-03-14,1.56767926,2.19730775,-0.08774247
2024-03-15,1.55032176,2.16375642,-0.09784308
2024-03-18,1.5311046,2.12764988,-0.10902585
2024-03-19,1.49240496,2.0487715,-0.13154579
2024-03-20,1.54297511,2.1405421,-0.10211821
2024-03-21,1.53566302,2.12457534,-0.10637324
2024-03-22,1.52155214,2.09393044,-0.11458458
2024-03-25,1.55134687,2.16196793,-0.09724655
2024-03-26,1.55742029,2.16406161,-0.09371233
2024-03-27,1.54705899,2.16134443,-0.09974174
2024-03-28,1.55652296,2.18187323,-0.0942345
2024-03-29,1.54914889,2.1698697,-0.09852559
2024-04-01,1.54792696,2.16195258,-0.09923665
2024-04-02,1.51387605,2.10834553,-0.11905142
2024-04-03,1.51827694,2.11971275,-0.11649047
2024-04-04,1.52947981,2.13317904,-0.10997134
2024-04-05,1.52614356,2.13347003,-0.11191276
2024-04-08,1.5703939,2.20669247,-0.08616278
2024-04-09,1.54718319,2.17534168,-0.09966946
2024-04-10,1.52277748,2.17133181,-0.11387154
2024-04-11,1.51535728,2.17180458,-0.11818947
2024-04-12,1.4847913,2.11067485,-0.1359763
2024-04-15,1.46024147,2.06512895,-0.15026224
2024-04-16,1.4603744,2.06218276,-0.15018488
2024-04-17,1.44253303,2.03144239,-0.16056706
2024-04-18,1.45739537,2.05496737,-0.15191843
2024-04-19,1.45814944,2.05530782,-0.15147962
2024-04-22,1.48069071,2.08611239,-0.13836249
2024-04-23,1.4805622,2.09011658,-0.13843728
2024-04-24,1.46648706,2.06242609,-0.14662783
2024-04-25,1.46841728,2.0637083,-0.1455046
2024-04-26,1.46374437,2.06318932,-0.14822384
2024-04-29,1.47044222,2.0790434,-0.14432625
2024-04-30,1.44254019,2.01313637,-0.16056289
2024-05-01,1.43007025,1.99587936,-0.16781935
2024-05-02,1.43392614,2.00666885,-0.16557554
2024-05-03,1.45769233,2.05645207,-0.15174562
2024-05-06,1.46610973,2.06310077,-0.1468474
2024-05-07,1.46225363,2.050848,-0.14909133
2024-05-08,1.44968648,2.03549197,-0.15640435
2024-05-09,1.47071759,2.06715602,-0.14416601
2024-05-10,1.45779377,2.03619185,-0.15168659
2024-05-13,1.45946655,2.05254771,-0.15071318
2024-05-14,1.46318773,2.04152065,-0.14854776
2024-05-15,1.50627085,2.10876811,-0.123477
2024-05-16,1.4948691,2.08732024,-0.13011186
2024-05-17,1.5029715,2.12391677,-0.12539695
2024-05-20,1.50344545,2.22622918,-0.12512115
2024-05-21,1.50822618,2.23608922,-0.12233917
2024-05-22,1.49062962,2.21467948,-0.13257889
2024-05-23,1.46278359,2.19738914,-0.14878293
2024-05-24,1.46729949,2.19925805,-0.14615506
2024-05-27,1.46727423,2.2242038,-0.14616976
2024-05-28,1.45979499,2.21039214,-0.15052205
2024-05-29,1.43604992,2.18410628,-0.16433968
2024-05-30,1.44947468,2.18845839,-0.1565276
2024-05-31,1.45189775,2.18925895,-0.15511758
2024-06-03,1.47593389,2.20782414,-0.14113057
2024-06-04,1.48092644,2.22551732,-0.13822532
2024-06-05,1.50164415,2.24944961,-0.12616936
2024-06-06,1.50728617,2.24397195,-0.12288618
2024-06-07,1.44849389,2.19393772,-0.15709834
2024-06-10,1.44865267,2.19627647,-0.15700594
2024-06-11,1.46300057,2.16808782,-0.14865667
2024-06-12,1.4739349,2.1899337,-0.14229381
2024-06-13,1.48332961,2.17271201,-0.13682688
2024-06-14,1.50441852,2.17900201,-0.12455491
2024-06-17,1.48836821,2.18256628,-0.13389484
2024-06-18,1.50224903,2.17710213,-0.12581736
2024-06-19,1.50223978,2.18530398,-0.12582275
2024-06-20,1.5058522,2.18005937,-0.12372062
2024-06-21,1.49175769,2.16706291,-0.13192245
2024-06-24,1.49977736,2.12184548,-0.12725567
2024-06-25,1.49729777,2.13796685,-0.12869858
2024-06-26,1.47196527,2.11894191,-0.14343997
2024-06-27,1.48651133,2.14182414,-0.13497538
2024-06-28,1.46494278,2.11451951,-0.14752647
2024-07-01,1.44424338,2.1325093,-0.15957178
2024-07-02,1.45238923,2.1308515,-0.15483158
2024-07-03,1.47647366,2.11375637,-0.14081646
2024-07-04,1.47643452,2.06028087,-0.14083924
2024-07-05,1.49824006,2.05788581,-0.12815025
2024-07-08,1.48900127,2.05984385,-0.13352645
2024-07-09,1.48540566,2.0752121,-0.13561879
2024-07-10,1.49252031,2.08444277,-0.13147866
2024-07-11,1.52094647,2.08920084,-0.11493703
2024-07-12,1.52545385,2.10197071,-0.11231411
2024-07-15,1.51463889,2.19289847,-0.11860751
2024-07-16,1.55104491,2.20752813,-0.09742227
2024-07-17,1.54664877,2.18552753,-0.09998045
2024-07-18,1.53131985,2.18038781,-0.10890059
2024-07-19,1.50699151,2.19459658,-0.12305764
2024-07-22,1.5039159,2.19558159,-0.12484739
2024-07-23,1.50556189,2.19076437,-0.12388956
2024-07-24,1.48956725,2.15217044,-0.1331971
2024-07-25,1.48375905,2.12836078,-0.13657698
2024-07-26,1.50240143,2.16773961,-0.12572868
2024-07-29,1.5072219,2.16814076,-0.12292358
2024-07-30,1.52111754,2.16297288,-0.11483748
2024-07-31,1.55031208,2.1656245,-0.09784871
2024-08-01,1.55320144,2.16112584,-0.09616735
2024-08-02,1.58791818,2.10992131,-0.07596513
2024-08-05,1.58100582,1.95618411,-0.07998754
2024-08-06,1.54846028,1.96875882,-0.0989263
2024-08-07,1.54049969,1.93759405,-0.1035587
2024-08-08,1.54925866,2.0491702,-0.09846172
2024-08-09,1.56180206,2.03736664,-0.09116251
2024-08-12,1.5824876,2.05486906,-0.07912526
2024-08-13,1.58826682,2.06932626,-0.07576225
2024-08-14,1.58681308,2.05037639,-0.0766082
2024-08-15,1.58140536,2.03296512,-0.07975504
2024-08-16,1.60818722,2.05735748,-0.06417025
2024-08-19,1.61139762,2.07334504,-0.06230206
2024-08-20,1.62364108,2.06440955,-0.0551774
2024-08-21,1.6229032,2.08958763,-0.05560678
2024-08-22,1.59942474,2.07056641,-0.06926927
2024-08-23,1.61824459,2.12906948,-0.0583177
2024-08-26,1.61868143,2.107529,-0.0580635
2024-08-27,1.61950254,2.0491185,-0.05758568
2024-08-28,1.61084858,2.05238584,-0.06262156
2024-08-29,1.61248622,2.05533057,-0.06166859
2024-08-30,1.59317554,2.05000359,-0.07290578
2024-09-02,1.59302307,2.05200576,-0.07299451
2024-09-03,1.60283819,2.01709983,-0.06728293
2024-09-04,1.61822535,2.02930489,-0.0583289
2024-09-05,1.63443998,2.00755942,-0.04889335
2024-09-06,1.62551064,1.95709441,-0.05408947
2024-09-09,1.63555652,2.01014112,-0.04824362
2024-09-10,1.64917101,2.02559816,-0.04032113
2024-09-11,1.64628973,2.01845976,-0.04199779
2024-09-12,1.66170726,2.03625974,-0.03302608
2024-09-13,1.67690084,2.07322097,-0.0241847
2024-09-16,1.68800651,2.03680349,-0.01772213
2024-09-17,1.67517556,2.05535884,-0.02518866
2024-09-18,1.65062135,2.06131979,-0.03947715
2024-09-19,1.67031207,2.09685492,-0.02801881
2024-09-20,1.68522211,2.11635826,-0.01934242
2024-09-23,1.69089747,2.1322334,-0.01603983
2024-09-24,1.70625697,2.14649877,-0.0071019
2024-09-25,1.68852963,2.12201113,-0.01741772
2024-09-26,1.70541038,2.14890369,-0.00759454
2024-09-27,1.70173059,2.16106425,-0.00973587
2024-09-30,1.68569682,2.12613646,-0.01906618
2024-10-01,1.70356592,2.08553133,-0.00866786
2024-10-02,1.69241723,2.066762,-0.01515546
2024-10-03,1.68102566,2.06001452,-0.0217844
2024-10-04,1.67664684,2.07801674,-0.0243325
2024-10-07,1.6676604,2.0720461,-0.02956186
2024-10-08,1.66379396,2.07625846,-0.0318118
2024-10-09,1.6427776,2.05216341,-0.04404156
2024-10-10,1.64554143,2.05349997,-0.04243324
2024-10-11,1.66336898,2.08277749,-0.0320591
2024-10-14,1.68832901,2.14084529,-0.01753446
2024-10-15,1.70538185,2.14687896,-0.00761114
2024-10-16,1.71633368,2.15679948,-0.0012381
2024-10-17,1.70526752,2.15038986,-0.00767768
2024-10-18,1.72229525,2.16931965,-0.0
2024-10-21,1.70304792,2.15819894,-0.0111754
2024-10-22,1.71180999,2.15617017,-0.00608796
2024-10-23,1.68806676,2.1247189,-0.01987377
2024-10-24,1.70770439,2.1432104,-0.00847176
2024-10-25,1.69262028,2.11577328,-0.0172299
2024-10-28,1.70994197,2.15802145,-0.00717257
2024-10-29,1.73909709,2.19294231,-0.0
2024-10-30,1.74802847,2.19631692,-0.0
2024-10-31,1.71519992,2.14556715,-0.01878033
2024-11-01,1.6880836,2.13201276,-0.03429285
2024-11-04,1.6882473,2.10849846,-0.03419919
2024-11-05,1.70472138,2.13047768,-0.02477482
2024-11-06,1.69767802,2.20329276,-0.02880413
2024-11-07,1.73991902,2.248569,-0.00463919
2024-11-08,1.7539428,2.2672376,-0.0
2024-11-11,1.80023039,2.3830918,-0.0
2024-11-12,1.76680057,2.34835976,-0.01856975
2024-11-13,1.75149164,2.34384837,-0.02707362
2024-11-14,1.75493058,2.30723721,-0.02516334
2024-11-15,1.76192352,2.32316003,-0.02127887
2024-11-18,1.78723051,2.34925858,-0.00722123
2024-11-19,1.79886104,2.3521146,-0.00076065
2024-11-20,1.80023184,2.35767157,-0.0
2024-11-21,1.80976458,2.4264477,-0.0
2024-11-22,1.82702035,2.4332027,-0.0
2024-11-25,1.8256966,2.41547833,-0.00072454
2024-11-26,1.82255745,2.39878137,-0.00244272
2024-11-27,1.83461841,2.46780375,-0.0
2024-11-28,1.82855257,2.4565324,-0.00330632
2024-11-29,1.85173772,2.48003081,-0.0
2024-12-02,1.84172841,2.4747455,-0.00540536
2024-12-03,1.83320073,2.46779438,-0.01001059
2024-12-04,1.85044561,2.52168477,-0.00069779
2024-12-05,1.8443126,2.50276922,-0.00400981
2024-12-06,1.8467819,2.54674264,-0.00267631
2024-12-09,1.84613566,2.49431201,-0.0030253
2024-12-10,1.8555468,2.48205887,-0.0
2024-12-11,1.85383823,2.53631961,-0.00092079
2024-12-12,1.81920443,2.5209498,-0.0195858
2024-12-13,1.7910901,2.51991168,-0.03473731
2024-12-16,1.79786264,2.55772597,-0.03108742
2024-12-17,1.79657808,2.54318711,-0.0317797
2024-12-18,1.75234723,2.44619824,-0.0556168
2024-12-19,1.73464698,2.39705248,-0.0651559
2024-12-20,1.75330824,2.41832759,-0.05509889
2024-12-23,1.73660089,2.39295934,-0.06410289
2024-12-24,1.74401342,2.42999082,-0.0601081
2024-12-25,1.74400342,2.43428449,-0.06011349
2024-12-26,1.75090856,2.39638059,-0.05639213
2024-12-27,1.73290412,2.37639476,-0.06609517
2024-12-30,1.73932158,2.36960104,-0.06263664
2024-12-31,1.73958533,2.36885834,-0.0624945
2025-01-01,1.73958337,2.37718521,-0.06249556
2025-01-02,1.75825229,2.40912203,-0.05243442
2025-01-03,1.74538508,2.43671121,-0.05936888
2025-01-06,1.73841527,2.46714992,-0.06312508
2025-01-07,1.73058848,2.39098009,-0.06734313
2025-01-08,1.73807003,2.37772679,-0.06331114
2025-01-09,1.73806652,2.34947546,-0.06331303
2025-01-10,1.74012506,2.36146257,-0.06220363
2025-01-13,1.72850803,2.33737386,-0.06846433
2025-01-14,1.73210095,2.36268868,-0.06652802
2025-01-15,1.76312959,2.43475059,-0.04980592
2025-01-16,1.77514159,2.4156596,-0.04333236
2025-01-17,1.77126418,2.46215548,-0.04542199
2025-01-20,1.77126035,2.42610283,-0.04542405
2025-01-21,1.80073227,2.46712277,-0.02954091
2025-01-22,1.79973227,2.4457025,-0.03007983
2025-01-23,1.78789651,2.45906689,-0.03645841
2025-01-24,1.80098071,2.46324882,-0.02940702
2025-01-27,1.80441723,2.42452158,-0.02755499
2025-01-28,1.81354876,2.41276124,-0.02263378
2025-01-29,1.80625859,2.42470422,-0.02656264
2025-01-30,1.83038844,2.46164355,-0.01355847
2025-01-31,1.82296173,2.45391589,-0.0175609
2025-02-03,1.83638055,2.38417673,-0.01032917
2025-02-04,1.82569274,2.35136255,-0.01608909
2025-02-05,1.85091582,2.36809235,-0.00249575
2025-02-06,1.83995192,2.35046699,-0.00840447
2025-02-07,1.82932686,2.33234567,-0.01413058
2025-02-10,1.84866135,2.35336683,-0.00371074
2025-02-11,1.82763951,2.33055776,-0.01503993
2025-02-12,1.83102589,2.35708063,-0.01321492
2025-02-13,1.81613931,2.35744554,-0.02123767
2025-02-14,1.82593863,2.36594295,-0.01595657
2025-02-17,1.81949589,2.36065603,-0.01942873
2025-02-18,1.81105892,2.35112251,-0.02397562
2025-02-19,1.82081492,2.36547104,-0.01871787
2025-02-20,1.83200881,2.37751107,-0.0126852
2025-02-21,1.81234861,2.35113286,-0.02328058
2025-02-24,1.77031475,2.30303695,-0.04593366
2025-02-25,1.75313771,2.28461562,-0.05519079
2025-02-26,1.71042281,2.23521549,-0.07821091
2025-02-27,1.70924772,2.21498834,-0.07884419
2025-02-28,1.69846615,2.20892199,-0.08465464
2025-03-03,1.69640841,2.1994333,-0.08576361
2025-03-04,1.7049886,2.20251965,-0.08113954
2025-03-05,1.73142272,2.2353113,-0.06689353
2025-03-06,1.72253936,2.21239944,-0.071681
2025-03-07,1.69795333,2.18582063,-0.08493102
2025-03-10,1.61396361,2.07383461,-0.13019515
2025-03-11,1.64327966,2.10755951,-0.114396
2025-03-12,1.64457095,2.10952355,-0.1137001
2025-03-13,1.6260716,2.09216652,-0.12366986
2025-03-14,1.64652611,2.1238708,-0.11264642
2025-03-17,1.64875018,2.13495131,-0.11144781
2025-03-18,1.64340694,2.13021962,-0.11432741
2025-03-19,1.68042155,2.18690346,-0.09437932
2025-03-20,1.65858414,2.15651522,-0.10614805
2025-03-21,1.65547099,2.14471822,-0.1078258
2025-03-24,1.68686601,2.18795527,-0.09090624
2025-03-25,1.68441281,2.18717589,-0.09222834
2025-03-26,1.67472666,2.16421274,-0.09744844
2025-03-27,1.67539247,2.16790582,-0.09708962
2025-03-28,1.64786328,2.13064289,-0.11192578
2025-03-31,1.62860151,2.11716651,-0.12230642
2025-04-01,1.6525402,2.15186855,-0.10940528
2025-04-02,1.62404448,2.11637529,-0.12476232
2025-04-03,1.6305495,2.10311968,-0.12125661
2025-04-04,1.63368049,2.07584554,-0.11956924
2025-04-07,1.57009938,1.96710953,-0.15383467
2025-04-08,1.54453163,1.92099996,-0.16761376
2025-04-09,1.60284604,2.05873641,-0.13618668
2025-04-10,1.57153798,1.98670987,-0.15305937
2025-04-11,1.60529718,2.03404084,-0.13486571
2025-04-14,1.61593085,2.05885434,-0.12913496
2025-04-15,1.62414908,2.04772584,-0.12470595
2025-04-16,1.66381813,2.05279544,-0.10332732
2025-04-17,1.6492109,2.05407423,-0.11119952
2025-04-18,1.64723189,2.05306941,-0.11226605
2025-04-21,1.66237629,2.06064429,-0.10410436
2025-04-22,1.65407623,2.13981983,-0.10857747
2025-04-23,1.64235686,2.15066663,-0.11489333
2025-04-24,1.66698695,2.1655941,-0.10161956
2025-04-25,1.66533475,2.17385186,-0.10250998
2025-04-28,1.68508132,2.18835921,-0.09186806
2025-04-29,1.68570225,2.18648699,-0.09153342
2025-04-30,1.66993678,2.17842118,-0.10002983
2025-05-01,1.64176503,2.18983879,-0.11521228
2025-05-02,1.63470263,2.19506979,-0.11901838
2025-05-05,1.6402429,2.18787374,-0.11603259
2025-05-06,1.66416633,2.20665512,-0.10313967
2025-05-07,1.65566889,2.20316627,-0.10771915
2025-05-08,1.68474029,2.30962689,-0.09205185
2025-05-09,1.69122126,2.33990944,-0.08855909
2025-05-12,1.65758322,2.36578458,-0.10668746
2025-05-13,1.66918939,2.40908371,-0.10043261
2025-05-14,1.64701619,2.38089877,-0.1123823
2025-05-15,1.6596465,2.38483545,-0.10557551
2025-05-16,1.65401213,2.37977478,-0.10861201
2025-05-19,1.6627948,2.39296267,-0.10387881
2025-05-20,1.66932867,2.40173911,-0.10035755
2025-05-21,1.66676459,2.40630365,-0.1017394
2025-05-22,1.68129552,2.43482679,-0.09390832
2025-05-23,1.65540022,2.39771009,-0.10786394
2025-05-26,1.66546289,2.41414069,-0.10244092
2025-05-27,1.67158358,2.43839024,-0.09914232
2025-05-28,1.6693308,2.43094754,-0.1003564
2025-05-29,1.65789454,2.42105456,-0.10651969
2025-05-30,1.64436121,2.39203994,-0.11381313
2025-06-02,1.65696156,2.42394098,-0.10702249
2025-06-03,1.65386525,2.41671402,-0.10869117
2025-06-04,1.65236007,2.42702545,-0.10950235
2025-06-05,1.62275135,2.37074566,-0.12545922
2025-06-06,1.63928053,2.38802739,-0.11655123
2025-06-09,1.67989442,2.45659894,-0.09466341
2025-06-10,1.69064129,2.4866441,-0.08887165
2025-06-11,1.68099271,2.47406795,-0.09407151
2025-06-12,1.65908011,2.45082311,-0.10588075
2025-06-13,1.65547493,2.43689913,-0.10782367
2025-06-16,1.65543787,2.42627187,-0.10784365
2025-06-17,1.64356663,2.41139874,-0.11424135
2025-06-18,1.64617328,2.41398749,-0.11283656
2025-06-19,1.64493151,2.4121942,-0.11350578
2025-06-20,1.62962299,2.37999586,-0.12175592
2025-06-23,1.63830338,2.39804884,-0.11707785
2025-06-24,1.6445606,2.40987771,-0.11370567
2025-06-25,1.64730052,2.41196258,-0.11222906
2025-06-26,1.64397755,2.41533279,-0.1140199
2025-06-27,1.64503885,2.40771138,-0.11344793
2025-06-30,1.65099757,2.43326407,-0.11023663
2025-07-01,1.63667441,2.41418181,-0.11795574
2025-07-02,1.66687544,2.46281048,-0.10167966
2025-07-03,1.67240989,2.46715927,-0.098697
2025-07-04,1.65569271,2.44390456,-0.10770631
2025-07-07,1.66070873,2.44381683,-0.10500305
2025-07-08,1.67167885,2.45461715,-0.09909098
2025-07-09,1.69904553,2.50364024,-0.0843424
2025-07-10,1.74065488,2.56016001,-0.0619181
2025-07-11,1.74861942,2.56399605,-0.05762581
2025-07-14,1.76485758,2.58158974,-0.04887466
2025-07-15,1.76594189,2.58541006,-0.0482903
2025-07-16,1.79151679,2.63177245,-0.03450735
2025-07-17,1.80337456,2.65243934,-0.02811691
2025-07-18,1.80246799,2.65922301,-0.02860548
2025-07-21,1.81676837,2.70230466,-0.02089866
2025-07-22,1.82937676,2.72020429,-0.01410368
2025-07-23,1.8136789,2.69227905,-0.02256365
2025-07-24,1.81763506,2.69788137,-0.02043158
2025-07-25,1.81510169,2.69781647,-0.02179687
2025-07-28,1.82319872,2.70334596,-0.01743318
2025-07-29,1.82217736,2.71121481,-0.01798362
2025-07-30,1.80129031,2.70010834,-0.02924017
2025-07-31,1.79284648,2.67641571,-0.03379075
2025-08-01,1.79491952,2.64122732,-0.03267354
2025-08-04,1.8257446,2.69653224,-0.01606114
2025-08-05,1.81635122,2.67557021,-0.02112347
2025-08-06,1.81661484,2.68994746,-0.0209814
2025-08-07,1.84749646,2.73715946,-0.00433853
2025-08-08,1.84516593,2.74892145,-0.00559451
2025-08-11,1.85513619,2.77860903,-0.00022129
2025-08-12,1.87524559,2.83482953,-0.0
2025-08-13,1.90902083,2.87754387,-0.0
2025-08-14,1.86369052,2.82126274,-0.02374532
2025-08-15,1.8463363,2.79828163,-0.03283596
2025-08-18,1.83036544,2.77424802,-0.04120195
2025-08-19,1.83118001,2.72419167,-0.04077526
2025-08-20,1.84683115,2.77028195,-0.03257674
2025-08-21,1.82374089,2.74053469,-0.04467208
2025-08-22,1.88940271,2.85587547,-0.01027653
2025-08-25,1.88045397,2.76099747,-0.01496414
2025-08-26,1.88867673,2.80313917,-0.01065682
2025-08-27,1.88944393,2.79084292,-0.01025494
2025-08-28,1.90910652,2.80771766,-0.0
2025-08-29,1.90977309,2.76564401,-0.0
2025-09-01,1.90976013,2.76419088,-6.79e-06
2025-09-02,1.92102287,2.77838502,-0.0
2025-09-03,1.94877467,2.80998712,-0.0
2025-09-04,1.95573217,2.79192745,-0.0
2025-09-05,1.99819455,2.80712874,-0.0
2025-09-08,2.03567079,2.82932592,-0.0
2025-09-09,2.02291431,2.8239894,-0.00626647
2025-09-10,2.03741728,2.848175,-0.0
2025-09-11,2.04679112,2.87771163,-0.0
2025-09-12,2.04206274,2.91087641,-0.00231014
2025-09-15,2.06017749,2.89422177,-0.0
2025-09-16,2.0665405,2.90010689,-0.0
2025-09-17,2.05143198,2.90310545,-0.00731102
2025-09-18,2.02835738,2.90020935,-0.01847683
2025-09-19,2.02387063,2.88408977,-0.02064797
2025-09-22,2.012143,2.84396431,-0.02632298
2025-09-23,2.02098387,2.83910642,-0.02204488
2025-09-24,2.01125895,2.83499534,-0.02675077
2025-09-25,1.98269639,2.77404098,-0.04057221
2025-09-26,1.99829896,2.80553566,-0.03302211
2025-09-29,2.05488284,2.86988526,-0.00564115
2025-09-30,2.05535934,2.86433896,-0.00541057
2025-10-01,2.08386035,2.91691853,-0.0
2025-10-02,2.09792455,2.94483179,-0.0
2025-10-03,2.11187703,2.96045305,-0.0
2025-10-06,2.13757652,3.00288361,-0.0
2025-10-07,2.12732227,2.96016486,-0.00479714
2025-10-08,2.15736484,2.99386827,-0.0
2025-10-09,2.122305,2.95154893,-0.01625123
2025-10-10,2.0914757,2.83087093,-0.03054149
2025-10-13,2.14707047,2.92388405,-0.00477174
2025-10-14,2.1451153,2.90212962,-0.00567801
2025-10-15,2.14356036,2.88176349,-0.00639877
2025-10-16,2.18730176,2.86863398,-0.0
2025-10-17,2.15923734,2.84146074,-0.01283061
2025-10-20,2.21319517,2.91371086,-0.0
2025-10-21,2.14130124,2.85087674,-0.03248423
2025-10-22,2.14238925,2.83449882,-0.03199262
2025-10-23,2.13098661,2.85697738,-0.03714474
2025-10-24,2.12862849,2.87626638,-0.03821022
2025-10-27,2.10863767,2.9112543,-0.04724278
2025-10-28,2.10763295,2.88379169,-0.04769675
2025-10-29,2.08163163,2.85017676,-0.05944507
2025-10-30,2.08704926,2.82836912,-0.05699719
2025-10-31,2.07542834,2.83848385,-0.06224794
2025-11-03,2.06376546,2.78451389,-0.06751764
2025-11-04,2.05201598,2.69236303,-0.07282647
2025-11-05,2.03889497,2.72931652,-0.078755
2025-11-06,2.05701204,2.69666579,-0.07056907
2025-11-07,2.05811392,2.72936426,-0.0700712
2025-11-10,2.08266709,2.787512,-0.05897721
2025-11-11,2.09636507,2.75402178,-0.05278798
2025-11-12,2.11518031,2.7560943,-0.04428659
2025-11-13,2.08929416,2.69731828,-0.05598287
2025-11-14,2.06001958,2.63643351,-0.06921016
2025-11-17,2.05504724,2.59965373,-0.07145684
2025-11-18,2.06076513,2.61869564,-0.06887329
2025-11-19,2.05777964,2.59590084,-0.07022224
2025-11-20,2.06615217,2.52814666,-0.06643924
2025-11-21,2.07143034,2.51272622,-0.06405437
2025-11-24,2.0981731,2.583138,-0.05197105
2025-11-25,2.10362774,2.58470503,-0.04950645
2025-11-26,2.12079217,2.62468342,-0.04175095
2025-11-27,2.12076402,2.62762407,-0.04176367
2025-11-28,2.12065221,2.63469513,-0.04181419
2025-12-01,2.08737398,2.55810528,-0.05685047
2025-12-02,2.08287785,2.62029245,-0.05888198
2025-12-03,2.0885043,2.66833647,-0.05633975
2025-12-04,2.07668065,2.64917476,-0.0616821
2025-12-05,2.06463288,2.61179492,-0.06712571
2025-12-08,2.05499131,2.63217734,-0.07148211
2025-12-09,2.0615352,2.67880638,-0.06852535
2025-12-10,2.0738226,2.68383141,-0.06297347
2025-12-11,2.07967883,2.67880712,-0.06032741
2025-12-12,2.06201484,2.6322078,-0.06830863
2025-12-15,2.06429266,2.58886146,-0.06727943
2025-12-16,2.07690998,2.59847487,-0.06157848
2025-12-17,2.08197152,2.56414776,-0.05929149
2025-12-18,2.09139169,2.5642961,-0.05503513
2025-12-19,2.07492545,2.60656407,-0.06247516
2025-12-22,2.08938008,2.62873391,-0.05594405
2025-12-23,2.10408585,2.6242962,-0.04929946
2025-12-24,2.11461565,2.62511813,-0.04454172
2025-12-25,2.11460359,2.61466232,-0.04454717
2025-12-26,2.11679452,2.6241472,-0.04355723
2025-12-29,2.09299216,2.60195831,-0.05431198
2025-12-30,2.09718992,2.61418243,-0.05241528
2025-12-31,2.0747169,2.59744195,-0.06256939
2026-01-01,2.0734405,2.61014264,-0.06314611
2026-01-02,2.07394995,2.64048933,-0.06291592
2026-01-05,2.10526933,2.69972962,-0.04876472
2026-01-06,2.10860798,2.71894844,-0.0472562
2026-01-07,2.11521329,2.67986082,-0.04427168
2026-01-08,2.10746965,2.66793679,-0.04777053
2026-01-09,2.12896243,2.67300308,-0.03805933
2026-01-12,2.13675388,2.68733335,-0.03453888
2026-01-13,2.13962028,2.74935688,-0.03324374
2026-01-14,2.16226324,2.76907616,-0.02301285
2026-01-15,2.15573003,2.75333622,-0.02596479
2026-01-16,2.13798041,2.74300332,-0.03398469
2026-01-19,2.13797051,2.70814351,-0.03398917
2026-01-20,2.14584356,2.6415098,-0.03043184
2026-01-21,2.1772313,2.6730731,-0.01624975
2026-01-22,2.20543157,2.68327746,-0.00350787
2026-01-23,2.22555135,2.69320234,-0.0
2026-01-26,2.25151833,2.6939643,-0.0
2026-01-27,2.26156511,2.72894701,-0.0
2026-01-28,2.29580545,2.74587644,-0.0
2026-01-29,2.29890129,2.68233083,-0.0
2026-01-30,2.18309905,2.5961437,-0.05037286
2026-02-02,2.13821293,2.46794443,-0.06989789
2026-02-03,2.18499127,2.45203962,-0.04954976
2026-02-04,2.17775215,2.41211256,-0.05269871
2026-02-05,2.18945541,2.25270382,-0.0476079
2026-02-06,2.21050922,2.38568189,-0.0384497
2026-02-09,2.22576094,2.40646099,-0.03181535
2026-02-10,2.25065475,2.37790005,-0.02098678
2026-02-11,2.24358332,2.34892039,-0.02406278
2026-02-12,2.25595804,2.32720489,-0.0186799
2026-02-13,2.28728791,2.38347677,-0.00505171
2026-02-16,2.28726802,2.37189992,-0.00506036
2026-02-17,2.27048827,2.34731601,-0.01235939
2026-02-18,2.27480771,2.34253144,-0.01048048
2026-02-19,2.27936837,2.34524472,-0.00849663
2026-02-20,2.28578724,2.36859856,-0.00570448
2026-02-23,2.31356659,2.32656712,-0.0
2026-02-24,2.30979909,2.31886792,-0.00162844
2026-02-25,2.30854687,2.39944532,-0.00216969
2026-02-26,2.32526915,2.39223477,-0.0
2026-02-27,2.35093905,2.36401086,-0.0
2026-03-02,2.32041034,2.40849454,-0.01298576
2026-03-03,2.28523264,2.3674718,-0.02794901
2026-03-04,2.28126057,2.43637094,-0.02963858
2026-03-05,2.25311853,2.40135242,-0.04160913
2026-03-06,2.23033694,2.35961662,-0.05129955
2026-03-09,2.24961809,2.37247735,-0.04309808
2026-03-10,2.24495102,2.39269546,-0.04508328
2026-03-11,2.22157285,2.38953183,-0.05502746
2026-03-12,2.21332735,2.37918855,-0.05853478
2026-03-13,2.20251664,2.37482364,-0.06313325
2026-03-16,2.25924324,2.4661405,-0.03900391
2026-03-17,2.25593484,2.45359826,-0.04041118
2026-03-18,2.210403,2.38634814,-0.05977869
2026-03-19,2.19203512,2.34502242,-0.06759168
2026-03-20,2.1493472,2.31929415,-0.0857495
2026-03-23,2.15019529,2.32040543,-0.08538876
2026-03-24,2.14102543,2.31551798,-0.08928927
2026-03-25,2.17243056,2.34427412,-0.07593072
2026-03-26,2.13095994,2.27405728,-0.09357074
2026-03-27,2.137783,2.24815826,-0.09066847
2026-03-30,2.16646033,2.2626953,-0.07847023
2026-03-31,2.18467396,2.31999778,-0.07072284
2026-04-01,2.18342358,2.33574851,-0.07125471
2026-04-02,2.18607665,2.30329373,-0.07012619
2026-04-03,2.18606749,2.30297407,-0.07013009
2026-04-06,2.18032351,2.32726065,-0.07257336
2026-04-07,2.18533154,2.38130035,-0.07044314
2026-04-08,2.19578326,2.38136175,-0.06599737
2026-04-09,2.19444786,2.39143739,-0.0665654
2026-04-10,2.18816718,2.40876437,-0.06923696
