ts,price,volume,open,high,low,close
2024-01-01T00:00:00Z,100.1524,3497.50,100.0804,100.5615,99.8838,100.1524
2024-01-01T00:01:00Z,99.6324,5434.88,99.8744,100.5217,99.4693,99.6324
2024-01-01T00:02:00Z,100.0076,4702.68,99.8515,100.1755,99.8681,100.0076
2024-01-01T00:03:00Z,100.4779,5344.65,100.5570,100.5077,100.4520,100.4779
2024-01-01T00:04:00Z,99.5024,6628.94,99.5921,99.7029,99.2958,99.5024
2024-01-01T00:05:00Z,98.8513,4808.66,98.9848,99.1423,98.5850,98.8513
2024-01-01T00:06:00Z,98.9152,5131.49,99.0607,99.3363,98.7824,98.9152
2024-01-01T00:07:00Z,98.7571,4058.88,98.7209,98.8345,98.2877,98.7571
2024-01-01T00:08:00Z,98.7487,5637.47,98.5921,98.8832,98.6130,98.7487
2024-01-01T00:09:00Z,98.3221,4213.43,98.0827,98.4838,97.9778,98.3221
2024-01-01T00:10:00Z,98.7618,4820.77,98.7866,99.2678,98.5140,98.7618
2024-01-01T00:11:00Z,99.1507,3991.46,99.1711,99.2268,99.1030,99.1507
2024-01-01T00:12:00Z,99.1838,5556.53,99.2223,99.3958,98.9850,99.1838
2024-01-01T00:13:00Z,99.7474,4692.92,99.7387,99.8363,99.1369,99.7474
2024-01-01T00:14:00Z,99.9811,4111.20,99.8567,100.2072,99.6715,99.9811
2024-01-01T00:15:00Z,99.5515,4234.46,99.5566,99.5727,99.4512,99.5515
2024-01-01T00:16:00Z,99.7359,4347.08,99.7199,100.0059,99.5140,99.7359
2024-01-01T00:17:00Z,99.2564,4932.02,99.1116,99.4209,99.2000,99.2564
2024-01-01T00:18:00Z,99.6956,3545.18,99.7146,99.7743,99.4257,99.6956
2024-01-01T00:19:00Z,99.6707,5363.45,99.6454,100.0715,99.2963,99.6707
2024-01-01T00:20:00Z,99.5782,3927.87,99.5489,100.3012,99.2313,99.5782
2024-01-01T00:21:00Z,99.2378,4162.54,99.1201,99.4521,98.6386,99.2378
2024-01-01T00:22:00Z,99.8491,5249.04,99.7268,99.9197,99.3657,99.8491
2024-01-01T00:23:00Z,99.7718,4576.39,99.6437,100.3182,99.2763,99.7718
2024-01-01T00:24:00Z,99.5576,3225.04,99.5818,99.7138,99.3138,99.5576
2024-01-01T00:25:00Z,99.3816,4372.41,99.5090,99.5362,99.2083,99.3816
2024-01-01T00:26:00Z,99.6477,5448.10,99.7240,99.8387,99.4854,99.6477
2024-01-01T00:27:00Z,99.8304,5235.28,99.7270,100.3361,99.6690,99.8304
2024-01-01T00:28:00Z,100.0368,3717.37,99.9561,100.4639,99.9029,100.0368
2024-01-01T00:29:00Z,100.2522,6451.18,100.1908,100.4664,100.1797,100.2522
2024-01-01T00:30:00Z,101.3230,4380.33,101.3499,101.4552,101.3134,101.3230
2024-01-01T00:31:00Z,101.1198,6362.64,101.0787,101.2612,100.9598,101.1198
2024-01-01T00:32:00Z,100.8637,7549.33,101.0248,101.1759,100.1399,100.8637
2024-01-01T00:33:00Z,100.4568,4713.78,100.4258,100.5784,99.8758,100.4568
2024-01-01T00:34:00Z,100.7648,5524.51,100.8228,100.8218,100.4308,100.7648
2024-01-01T00:35:00Z,101.3293,5171.96,101.5346,101.7776,101.1195,101.3293
2024-01-01T00:36:00Z,101.2723,3269.33,101.3338,101.3735,101.2297,101.2723
2024-01-01T00:37:00Z,100.8522,4825.83,101.0370,100.9016,100.7351,100.8522
2024-01-01T00:38:00Z,100.4400,5319.40,100.4987,100.9404,100.1089,100.4400
2024-01-01T00:39:00Z,100.7653,4676.21,100.8866,101.0260,100.7121,100.7653
2024-01-01T00:40:00Z,101.1369,4657.66,101.0467,101.6445,101.1317,101.1369
2024-01-01T00:41:00Z,101.4085,5482.07,101.2469,101.4330,100.8968,101.4085
2024-01-01T00:42:00Z,101.0757,5272.37,101.1542,101.2326,100.3063,101.0757
2024-01-01T00:43:00Z,101.1918,5349.35,101.2754,101.4060,100.7968,101.1918
2024-01-01T00:44:00Z,101.2502,4833.07,101.2889,101.9650,101.1241,101.2502
2024-01-01T00:45:00Z,101.3595,4478.68,101.4847,101.6046,101.1720,101.3595
2024-01-01T00:46:00Z,101.7952,6498.37,101.8743,101.9259,101.6515,101.7952
2024-01-01T00:47:00Z,101.9070,4754.24,101.9384,102.0447,101.7796,101.9070
2024-01-01T00:48:00Z,102.2465,4217.58,102.1638,102.5321,101.5710,102.2465
2024-01-01T00:49:00Z,102.2803,4798.90,102.1888,102.9764,101.9912,102.2803
2024-01-01T00:50:00Z,102.4248,4943.05,102.3218,102.7587,102.3513,102.4248
2024-01-01T00:51:00Z,102.7405,5558.55,102.6494,103.0552,102.4477,102.7405
2024-01-01T00:52:00Z,102.0119,5701.66,102.0105,102.0784,101.8177,102.0119
2024-01-01T00:53:00Z,101.8521,3784.11,101.8310,102.1626,101.8484,101.8521
2024-01-01T00:54:00Z,101.6169,3977.72,101.5818,102.0859,101.4112,101.6169
2024-01-01T00:55:00Z,101.2974,3503.36,101.0694,101.3263,100.9590,101.2974
2024-01-01T00:56:00Z,101.1599,5767.32,101.1881,101.4367,100.7215,101.1599
2024-01-01T00:57:00Z,101.9073,5058.27,101.9521,102.2494,101.5715,101.9073
2024-01-01T00:58:00Z,101.4744,5158.12,101.5022,101.6390,101.4181,101.4744
2024-01-01T00:59:00Z,101.9586,2752.73,101.7966,102.1919,101.7165,101.9586
2024-01-01T01:00:00Z,101.1171,3140.16,101.0151,101.4177,100.7608,101.1171
2024-01-01T01:01:00Z,100.9497,5516.30,101.1294,100.9794,100.6704,100.9497
2024-01-01T01:02:00Z,101.0311,4700.74,101.0322,101.1426,100.7631,101.0311
2024-01-01T01:03:00Z,101.3242,6136.05,101.5027,101.6287,100.7095,101.3242
2024-01-01T01:04:00Z,101.6798,5442.55,101.7438,101.9560,101.4233,101.6798
2024-01-01T01:05:00Z,102.0765,5636.91,102.1505,102.4514,101.8858,102.0765
2024-01-01T01:06:00Z,101.9021,4443.81,101.9105,102.0043,101.3670,101.9021
2024-01-01T01:07:00Z,101.6709,6359.22,101.8438,102.0549,101.1664,101.6709
2024-01-01T01:08:00Z,102.0999,5202.80,102.1011,102.1765,101.6947,102.0999
2024-01-01T01:09:00Z,102.0043,3697.35,102.0103,102.3323,101.8852,102.0043
2024-01-01T01:10:00Z,101.3664,5894.21,101.5462,101.3818,101.3425,101.3664
2024-01-01T01:11:00Z,100.7998,4797.09,100.8042,100.8032,100.7251,100.7998
2024-01-01T01:12:00Z,100.3400,3749.68,100.2654,100.6648,100.2947,100.3400
2024-01-01T01:13:00Z,100.5886,4877.32,100.4100,100.7420,100.4712,100.5886
2024-01-01T01:14:00Z,100.6598,5038.91,100.7624,100.9585,100.3421,100.6598
2024-01-01T01:15:00Z,101.0051,5379.28,101.0395,101.2586,100.6800,101.0051
2024-01-01T01:16:00Z,100.7915,3755.79,100.7782,101.1777,100.4615,100.7915
2024-01-01T01:17:00Z,100.8707,4422.11,100.8505,100.9665,100.8056,100.8707
2024-01-01T01:18:00Z,101.1835,5311.45,101.1207,101.2594,101.0323,101.1835
2024-01-01T01:19:00Z,101.0288,3860.57,101.0562,101.1494,100.9556,101.0288
2024-01-01T01:20:00Z,101.2572,2883.35,101.1410,101.4016,100.8259,101.2572
2024-01-01T01:21:00Z,100.9263,4882.39,100.9294,101.4848,100.9175,100.9263
2024-01-01T01:22:00Z,100.7447,6561.44,100.7843,101.1090,99.9429,100.7447
2024-01-01T01:23:00Z,100.5539,4105.65,100.4786,100.8922,100.4399,100.5539
2024-01-01T01:24:00Z,99.9560,4664.06,100.1397,100.0538,99.5277,99.9560
2024-01-01T01:25:00Z,100.1994,4906.70,100.3748,100.7710,100.1888,100.1994
2024-01-01T01:26:00Z,99.9647,5851.29,100.2826,100.0041,99.8551,99.9647
2024-01-01T01:27:00Z,99.9710,4510.25,99.9348,100.1832,99.6803,99.9710
2024-01-01T01:28:00Z,100.2114,5013.99,100.2392,100.4839,100.2020,100.2114
2024-01-01T01:29:00Z,100.4346,5666.57,100.2409,100.5356,100.3071,100.4346
2024-01-01T01:30:00Z,100.7673,5083.98,100.7615,101.0619,100.3346,100.7673
2024-01-01T01:31:00Z,100.7181,4593.06,100.5839,100.9261,100.4688,100.7181
2024-01-01T01:32:00Z,100.5064,3992.11,100.5343,100.6819,100.4925,100.5064
2024-01-01T01:33:00Z,100.4666,3041.41,100.2774,100.6839,100.4477,100.4666
2024-01-01T01:34:00Z,99.6229,4972.02,99.6126,99.6266,99.5566,99.6229
2024-01-01T01:35:00Z,98.8993,3828.03,98.7882,98.9670,98.6151,98.8993
2024-01-01T01:36:00Z,98.2380,4568.66,98.3625,98.5660,98.1513,98.2380
2024-01-01T01:37:00Z,97.7394,4442.27,97.6561,98.4899,97.2282,97.7394
2024-01-01T01:38:00Z,97.9393,6049.34,97.9081,98.0618,97.9277,97.9393
2024-01-01T01:39:00Z,97.4865,3464.36,97.5344,97.6893,97.2278,97.4865
2024-01-01T01:40:00Z,97.2974,6588.28,97.2827,97.4143,97.2667,97.2974
2024-01-01T01:41:00Z,97.9471,3722.98,97.9245,98.1337,97.3290,97.9471
2024-01-01T01:42:00Z,97.7689,5397.03,97.6937,97.7899,97.4460,97.7689
2024-01-01T01:43:00Z,98.1377,6157.51,98.2364,98.3044,97.9510,98.1377
2024-01-01T01:44:00Z,97.6709,3119.20,97.8072,98.1018,97.5120,97.6709
2024-01-01T01:45:00Z,97.5682,4428.55,97.5801,97.6635,97.3080,97.5682
2024-01-01T01:46:00Z,97.0931,5413.79,97.0762,97.1430,96.5285,97.0931
2024-01-01T01:47:00Z,96.9236,5448.32,96.9242,96.9933,96.9009,96.9236
2024-01-01T01:48:00Z,97.3438,5589.55,97.3747,97.6934,96.8496,97.3438
2024-01-01T01:49:00Z,96.4801,5865.97,96.5741,96.8254,96.4538,96.4801
2024-01-01T01:50:00Z,96.6973,6200.31,96.7464,96.7608,96.4314,96.6973
2024-01-01T01:51:00Z,96.8162,2069.41,96.8498,96.9030,96.7095,96.8162
2024-01-01T01:52:00Z,96.5191,5451.77,96.3468,96.6340,95.4246,96.5191
2024-01-01T01:53:00Z,95.7961,6370.54,95.7249,95.9394,95.4474,95.7961
2024-01-01T01:54:00Z,95.8322,5408.04,95.8320,95.9774,95.1593,95.8322
2024-01-01T01:55:00Z,95.5674,4890.27,95.4672,96.0525,95.5281,95.5674
2024-01-01T01:56:00Z,95.6837,4257.81,95.6582,95.6944,95.2743,95.6837
2024-01-01T01:57:00Z,95.6947,4893.82,95.6664,95.9720,95.6843,95.6947
2024-01-01T01:58:00Z,96.4956,3958.41,96.3956,96.5625,96.3105,96.4956
2024-01-01T01:59:00Z,96.3759,5443.81,96.2342,96.7073,96.2522,96.3759
2024-01-01T02:00:00Z,95.8641,5735.58,95.8871,96.0031,95.4049,95.8641
2024-01-01T02:01:00Z,95.9538,5331.04,95.8133,96.0661,95.7642,95.9538
2024-01-01T02:02:00Z,96.0638,6479.27,96.1508,96.1546,95.9189,96.0638
2024-01-01T02:03:00Z,96.7434,5352.72,96.7324,97.2817,96.3489,96.7434
2024-01-01T02:04:00Z,97.1609,5823.75,97.1740,97.3910,97.1246,97.1609
2024-01-01T02:05:00Z,97.3394,5633.91,97.2979,97.3571,97.1206,97.3394
2024-01-01T02:06:00Z,98.0710,4625.16,98.1380,98.0719,97.9689,98.0710
2024-01-01T02:07:00Z,97.4766,6442.30,97.3531,97.7035,97.3630,97.4766
2024-01-01T02:08:00Z,97.1568,3978.95,97.0522,97.3070,96.6602,97.1568
2024-01-01T02:09:00Z,96.6935,5619.70,96.6598,96.7091,96.6113,96.6935
2024-01-01T02:10:00Z,96.4986,5616.13,96.5395,96.6005,96.4037,96.4986
2024-01-01T02:11:00Z,95.8102,5036.06,95.5922,96.4426,95.7009,95.8102
2024-01-01T02:12:00Z,96.1278,5202.78,96.2466,96.1292,95.8141,96.1278
2024-01-01T02:13:00Z,96.0167,4998.61,95.9639,96.1668,95.8711,96.0167
2024-01-01T02:14:00Z,95.2813,5677.40,95.3618,95.5771,95.1139,95.2813
2024-01-01T02:15:00Z,94.7735,5101.93,94.8433,95.0599,94.4813,94.7735
2024-01-01T02:16:00Z,94.9302,5542.59,94.8765,95.1589,94.6725,94.9302
2024-01-01T02:17:00Z,95.3493,4795.93,95.2251,95.6360,95.2181,95.3493
2024-01-01T02:18:00Z,96.3477,6472.01,96.2099,96.3806,95.6141,96.3477
2024-01-01T02:19:00Z,97.8046,5444.73,97.8164,97.8496,97.6813,97.8046
2024-01-01T02:20:00Z,98.0118,6132.23,97.9662,98.0579,97.5756,98.0118
2024-01-01T02:21:00Z,97.5170,5455.02,97.4098,97.7104,97.4990,97.5170
2024-01-01T02:22:00Z,96.4510,3885.38,96.4313,96.8846,96.4278,96.4510
2024-01-01T02:23:00Z,96.5849,5226.79,96.4936,96.6537,96.1070,96.5849
2024-01-01T02:24:00Z,96.1784,6435.30,96.1197,96.5741,95.3356,96.1784
2024-01-01T02:25:00Z,95.9707,5061.92,96.0140,96.0439,95.9254,95.9707
2024-01-01T02:26:00Z,95.6647,3456.37,95.5249,95.6978,95.5422,95.6647
2024-01-01T02:27:00Z,95.5943,5008.51,95.5347,95.7903,95.5113,95.5943
2024-01-01T02:28:00Z,96.1273,6226.29,96.0617,96.3658,96.0732,96.1273
2024-01-01T02:29:00Z,96.2058,6241.96,96.3032,96.6796,96.0574,96.2058
2024-01-01T02:30:00Z,96.1265,5519.66,96.1863,96.4655,95.9422,96.1265
2024-01-01T02:31:00Z,95.6087,4205.40,95.4731,95.9379,95.3984,95.6087
2024-01-01T02:32:00Z,94.7713,4728.33,94.9200,95.1624,94.5192,94.7713
2024-01-01T02:33:00Z,94.5282,5078.99,94.5384,94.8738,94.4560,94.5282
2024-01-01T02:34:00Z,94.5013,4011.37,94.5365,94.8414,94.3929,94.5013
2024-01-01T02:35:00Z,95.3852,4764.17,95.3102,95.5203,95.3843,95.3852
2024-01-01T02:36:00Z,95.4504,4901.55,95.6275,95.5056,95.3693,95.4504
2024-01-01T02:37:00Z,95.9417,4736.93,95.8523,96.0149,95.3125,95.9417
2024-01-01T02:38:00Z,95.6921,6288.44,95.6756,95.8978,95.2776,95.6921
2024-01-01T02:39:00Z,95.0996,5003.80,95.0907,95.1181,95.0884,95.0996
2024-01-01T02:40:00Z,94.6171,4456.83,94.4169,95.1327,93.9212,94.6171
2024-01-01T02:41:00Z,94.2544,4615.75,94.3018,94.2588,94.0474,94.2544
2024-01-01T02:42:00Z,95.3187,5962.66,95.3371,95.6244,95.0096,95.3187
2024-01-01T02:43:00Z,94.9080,5110.61,94.9778,94.9898,94.7395,94.9080
2024-01-01T02:44:00Z,95.3272,3582.32,95.0821,95.3276,94.8853,95.3272
2024-01-01T02:45:00Z,94.8758,3492.67,94.8503,95.2319,94.7668,94.8758
2024-01-01T02:46:00Z,95.3416,6801.74,95.5873,95.6371,95.0833,95.3416
2024-01-01T02:47:00Z,95.5340,3091.87,95.4191,95.6576,95.4250,95.5340
2024-01-01T02:48:00Z,95.4557,3399.79,95.4472,95.4908,95.1564,95.4557
2024-01-01T02:49:00Z,95.4353,5417.47,95.4720,95.6639,95.3907,95.4353
2024-01-01T02:50:00Z,95.1079,5632.86,95.0279,95.5041,94.8515,95.1079
2024-01-01T02:51:00Z,95.3310,5365.36,95.2994,95.3342,94.9181,95.3310
2024-01-01T02:52:00Z,95.1035,6007.51,95.2567,95.2874,95.0612,95.1035
2024-01-01T02:53:00Z,94.4907,6960.48,94.6841,94.5677,94.2656,94.4907
2024-01-01T02:54:00Z,93.8517,3941.72,94.0002,94.2201,93.5737,93.8517
2024-01-01T02:55:00Z,93.9380,4897.60,93.9800,94.3348,93.7921,93.9380
2024-01-01T02:56:00Z,94.7275,4120.49,94.6563,94.9227,94.5253,94.7275
2024-01-01T02:57:00Z,94.8075,4510.92,94.8962,95.4920,94.7183,94.8075
2024-01-01T02:58:00Z,94.7482,3621.99,94.4831,94.8040,94.5342,94.7482
2024-01-01T02:59:00Z,94.8911,6324.96,94.7716,95.4343,94.2162,94.8911
2024-01-01T03:00:00Z,95.5441,5782.56,95.5852,95.5575,95.1570,95.5441
2024-01-01T03:01:00Z,95.6538,4423.35,95.7267,95.9241,95.4966,95.6538
2024-01-01T03:02:00Z,95.4484,3877.23,95.3934,95.6162,95.2785,95.4484
2024-01-01T03:03:00Z,96.0015,4207.47,96.0342,96.3567,95.9756,96.0015
2024-01-01T03:04:00Z,96.2159,6551.88,96.2777,96.2239,96.0447,96.2159
2024-01-01T03:05:00Z,96.9838,4469.02,97.1521,97.3669,96.6834,96.9838
2024-01-01T03:06:00Z,97.0754,3192.30,97.0342,97.3888,97.0550,97.0754
2024-01-01T03:07:00Z,96.4631,6516.79,96.5599,96.5146,95.9953,96.4631
2024-01-01T03:08:00Z,95.7791,4371.52,95.7065,96.0181,95.6885,95.7791
2024-01-01T03:09:00Z,96.6045,4517.77,96.7785,96.8369,96.5930,96.6045
2024-01-01T03:10:00Z,97.4664,4552.84,97.5459,97.7662,97.4371,97.4664
2024-01-01T03:11:00Z,97.3766,5662.08,97.2930,97.3915,97.3420,97.3766
2024-01-01T03:12:00Z,97.1850,6449.34,97.3387,97.3801,97.0069,97.1850
2024-01-01T03:13:00Z,97.9157,5023.36,97.8534,98.0282,97.8038,97.9157
2024-01-01T03:14:00Z,97.3622,4781.97,97.3986,97.5421,96.8762,97.3622
2024-01-01T03:15:00Z,96.9148,5795.84,96.7134,97.2729,96.2637,96.9148
2024-01-01T03:16:00Z,97.2365,4976.77,97.1039,97.2547,97.1614,97.2365
2024-01-01T03:17:00Z,97.0392,4560.95,97.0562,97.6403,96.7920,97.0392
2024-01-01T03:18:00Z,97.0366,5845.48,97.0624,97.1550,96.3979,97.0366
2024-01-01T03:19:00Z,96.9549,4034.65,96.8392,97.4276,96.7565,96.9549
2024-01-01T03:20:00Z,97.1237,5753.86,97.1851,97.1398,96.4984,97.1237
2024-01-01T03:21:00Z,97.8275,6232.90,97.7278,97.9028,97.0832,97.8275
2024-01-01T03:22:00Z,97.8727,5804.57,97.7547,98.7061,97.7685,97.8727
2024-01-01T03:23:00Z,98.1947,6836.23,98.2513,98.3973,98.0735,98.1947
2024-01-01T03:24:00Z,97.1696,6190.41,97.0211,97.2305,97.0568,97.1696
2024-01-01T03:25:00Z,97.1453,3437.12,97.1430,97.3734,96.9770,97.1453
2024-01-01T03:26:00Z,96.7237,3411.10,96.7530,96.7923,96.4334,96.7237
2024-01-01T03:27:00Z,96.1143,3925.23,95.9265,96.1514,95.8916,96.1143
2024-01-01T03:28:00Z,95.6752,6859.49,95.7164,95.9381,95.5941,95.6752
2024-01-01T03:29:00Z,95.5081,4786.20,95.7792,95.6487,95.3107,95.5081
2024-01-01T03:30:00Z,95.9661,4473.28,96.0100,96.2054,95.8377,95.9661
2024-01-01T03:31:00Z,95.3029,4267.71,95.3356,95.6126,94.6099,95.3029
2024-01-01T03:32:00Z,95.3182,5562.27,95.2929,95.5930,95.2854,95.3182
2024-01-01T03:33:00Z,95.0761,5466.18,95.2674,95.4637,94.9703,95.0761
2024-01-01T03:34:00Z,94.9123,4746.04,94.8712,95.0251,94.7601,94.9123
2024-01-01T03:35:00Z,95.4136,5862.00,95.2403,95.5270,95.1387,95.4136
2024-01-01T03:36:00Z,95.6827,6328.63,95.5700,95.7966,95.5696,95.6827
2024-01-01T03:37:00Z,96.3514,5829.12,96.1999,96.7251,96.0635,96.3514
2024-01-01T03:38:00Z,96.2741,5364.53,96.2717,96.3956,95.7926,96.2741
2024-01-01T03:39:00Z,95.9262,6473.61,95.9553,96.0930,95.8730,95.9262
2024-01-01T03:40:00Z,95.8142,4835.35,95.7825,96.1821,94.9541,95.8142
2024-01-01T03:41:00Z,95.9355,3913.43,96.0604,96.4611,95.9072,95.9355
2024-01-01T03:42:00Z,96.0238,6477.39,95.9566,96.1247,95.7490,96.0238
2024-01-01T03:43:00Z,95.4816,6862.32,95.2945,95.6444,95.3429,95.4816
2024-01-01T03:44:00Z,95.5268,3590.18,95.5844,95.7076,95.4721,95.5268
2024-01-01T03:45:00Z,95.6409,4508.34,95.6205,95.9957,95.5437,95.6409
2024-01-01T03:46:00Z,96.8997,5651.75,96.9253,97.0739,96.6913,96.8997
2024-01-01T03:47:00Z,97.8381,7229.73,97.7962,97.8407,97.6841,97.8381
2024-01-01T03:48:00Z,97.4115,4147.84,97.5483,97.8819,97.0332,97.4115
2024-01-01T03:49:00Z,97.2678,5028.02,97.3649,97.9366,96.9691,97.2678
2024-01-01T03:50:00Z,96.5361,6401.19,96.5751,96.6012,96.4732,96.5361
2024-01-01T03:51:00Z,96.2407,5921.15,96.3232,96.2951,95.9673,96.2407
2024-01-01T03:52:00Z,96.3985,4071.01,96.3714,96.5949,96.1749,96.3985
2024-01-01T03:53:00Z,97.0014,4916.55,97.0251,97.2619,96.5108,97.0014
2024-01-01T03:54:00Z,96.6369,6120.84,96.5122,96.7689,95.7502,96.6369
2024-01-01T03:55:00Z,96.3098,6438.71,96.1708,96.5092,96.2017,96.3098
2024-01-01T03:56:00Z,95.2362,6516.44,95.4688,95.2794,95.1492,95.2362
2024-01-01T03:57:00Z,95.1549,5509.90,95.1223,95.2468,94.9769,95.1549
2024-01-01T03:58:00Z,94.6236,4885.79,94.7704,94.6552,94.5051,94.6236
2024-01-01T03:59:00Z,94.3589,5357.32,94.5375,95.0488,94.3317,94.3589
2024-01-01T04:00:00Z,93.9205,5459.71,93.8351,94.2094,93.7031,93.9205
2024-01-01T04:01:00Z,93.8734,3639.74,93.7447,94.1699,93.8613,93.8734
2024-01-01T04:02:00Z,92.9945,6125.04,93.0054,93.4226,92.4642,92.9945
2024-01-01T04:03:00Z,92.2610,4837.20,92.2419,92.2650,91.5829,92.2610
2024-01-01T04:04:00Z,93.3256,6705.85,93.2865,93.9544,92.8885,93.3256
2024-01-01T04:05:00Z,92.6819,5329.94,92.6933,92.8169,92.5129,92.6819
2024-01-01T04:06:00Z,92.1335,3627.00,92.2213,92.3668,91.8907,92.1335
2024-01-01T04:07:00Z,93.0520,4977.31,92.9903,93.1505,92.9983,93.0520
2024-01-01T04:08:00Z,94.5045,3896.01,94.4691,94.6912,94.1830,94.5045
2024-01-01T04:09:00Z,93.9187,3818.52,93.9899,94.0155,93.5737,93.9187
2024-01-01T04:10:00Z,93.7346,5330.29,93.8671,93.9045,93.5472,93.7346
2024-01-01T04:11:00Z,93.9054,4956.87,93.6946,93.9689,93.7557,93.9054
2024-01-01T04:12:00Z,94.7697,5548.13,94.7765,95.3690,94.7300,94.7697
2024-01-01T04:13:00Z,94.2763,5210.29,94.1080,94.5450,93.6770,94.2763
2024-01-01T04:14:00Z,94.1536,3065.47,94.1221,94.3681,93.7600,94.1536
2024-01-01T04:15:00Z,94.5423,4811.62,94.5189,94.9227,93.7174,94.5423
2024-01-01T04:16:00Z,94.7597,4829.61,94.8795,94.8870,94.4360,94.7597
2024-01-01T04:17:00Z,94.5716,5309.39,94.6271,95.2120,94.3864,94.5716
2024-01-01T04:18:00Z,94.5047,4040.57,94.7056,94.7991,94.1553,94.5047
2024-01-01T04:19:00Z,93.8173,6516.37,93.7242,94.0420,93.3110,93.8173
2024-01-01T04:20:00Z,93.6982,4895.04,93.7219,93.7764,93.4462,93.6982
2024-01-01T04:21:00Z,93.5650,4196.76,93.3869,93.9741,93.4940,93.5650
2024-01-01T04:22:00Z,93.6811,4275.66,93.5244,93.8464,93.5624,93.6811
2024-01-01T04:23:00Z,93.4034,4371.63,93.2658,93.5779,93.2938,93.4034
2024-01-01T04:24:00Z,93.6392,4854.19,93.7201,93.8577,93.4077,93.6392
2024-01-01T04:25:00Z,94.1455,3853.17,94.0639,94.2631,94.1035,94.1455
2024-01-01T04:26:00Z,94.2232,5162.06,94.1069,94.5053,94.0328,94.2232
2024-01-01T04:27:00Z,94.3991,4780.06,94.4016,94.6180,93.9230,94.3991
2024-01-01T04:28:00Z,94.4257,3737.61,94.2803,94.5281,94.4218,94.4257
2024-01-01T04:29:00Z,94.4257,5345.73,94.2043,94.4346,94.1171,94.4257
2024-01-01T04:30:00Z,94.0650,4296.93,94.1200,94.4218,94.0190,94.0650
2024-01-01T04:31:00Z,94.2232,5942.77,93.9888,94.2590,93.7369,94.2232
2024-01-01T04:32:00Z,94.1746,3590.03,94.0359,94.4701,94.0379,94.1746
2024-01-01T04:33:00Z,95.2211,5452.54,95.2589,95.2733,95.0023,95.2211
2024-01-01T04:34:00Z,96.0078,3932.41,96.1656,96.1041,95.9362,96.0078
2024-01-01T04:35:00Z,96.2007,3578.24,96.3272,96.2172,95.8609,96.2007
2024-01-01T04:36:00Z,95.8192,5195.26,95.8700,95.9129,95.4118,95.8192
2024-01-01T04:37:00Z,95.2630,4747.63,95.2918,95.3283,95.1479,95.2630
2024-01-01T04:38:00Z,95.8586,5532.13,95.7908,95.8714,95.8350,95.8586
2024-01-01T04:39:00Z,95.9900,4239.81,96.0224,96.8642,95.4569,95.9900
2024-01-01T04:40:00Z,96.2300,6175.51,96.3062,96.4032,96.2161,96.2300
2024-01-01T04:41:00Z,95.3577,6590.45,95.1233,95.4155,95.0181,95.3577
2024-01-01T04:42:00Z,95.8215,4169.23,95.6995,95.9340,95.4981,95.8215
2024-01-01T04:43:00Z,96.0487,6084.52,96.0770,96.0924,96.0436,96.0487
2024-01-01T04:44:00Z,95.4934,4796.22,95.4943,96.0230,95.2013,95.4934
2024-01-01T04:45:00Z,95.2577,5648.39,95.0163,95.6990,95.1068,95.2577
2024-01-01T04:46:00Z,95.3895,6169.54,95.3776,95.8372,95.3735,95.3895
2024-01-01T04:47:00Z,95.4158,6272.88,95.3651,95.4694,95.2075,95.4158
2024-01-01T04:48:00Z,95.2697,3432.82,95.2460,95.4306,95.1540,95.2697
2024-01-01T04:49:00Z,95.2179,5128.62,95.2931,95.3345,94.6900,95.2179
2024-01-01T04:50:00Z,95.0920,6798.29,95.0817,95.8080,94.7619,95.0920
2024-01-01T04:51:00Z,95.1682,5002.00,95.1906,95.5257,94.9594,95.1682
2024-01-01T04:52:00Z,95.9040,3401.95,95.8951,95.9886,95.6944,95.9040
2024-01-01T04:53:00Z,94.6207,3384.95,94.5979,94.6612,94.4857,94.6207
2024-01-01T04:54:00Z,94.5022,4719.40,94.4296,94.7988,94.3929,94.5022
2024-01-01T04:55:00Z,94.5905,6228.42,94.5367,95.0407,94.2829,94.5905
2024-01-01T04:56:00Z,94.7385,5247.95,94.6847,94.9303,94.5464,94.7385
2024-01-01T04:57:00Z,94.5525,3427.47,94.4990,94.5949,94.2906,94.5525
2024-01-01T04:58:00Z,93.6742,5410.21,93.5493,94.0888,93.5146,93.6742
2024-01-01T04:59:00Z,93.8382,5203.63,93.6644,93.9779,93.1258,93.8382
2024-01-01T05:00:00Z,94.7018,2674.63,94.7160,95.0402,94.5538,94.7018
2024-01-01T05:01:00Z,93.9349,5259.81,93.8896,94.0060,93.3640,93.9349
2024-01-01T05:02:00Z,94.3668,2724.26,94.3087,94.6743,94.3176,94.3668
2024-01-01T05:03:00Z,94.2026,5126.60,94.1013,94.3949,94.1686,94.2026
2024-01-01T05:04:00Z,94.1719,3661.62,94.2325,94.3470,94.0134,94.1719
2024-01-01T05:05:00Z,93.6454,6922.95,93.5792,93.9596,93.2261,93.6454
2024-01-01T05:06:00Z,93.4782,4470.73,93.3842,93.8164,93.4489,93.4782
2024-01-01T05:07:00Z,94.1282,4969.17,94.1192,94.1502,94.1170,94.1282
2024-01-01T05:08:00Z,94.4196,5914.62,94.3679,94.4839,93.9870,94.4196
2024-01-01T05:09:00Z,95.2857,5111.35,95.2038,95.6962,95.2289,95.2857
2024-01-01T05:10:00Z,95.8744,3688.20,95.9251,95.9910,95.4312,95.8744
2024-01-01T05:11:00Z,96.0940,5313.82,96.0363,96.2953,95.8616,96.0940
2024-01-01T05:12:00Z,96.9659,4381.05,96.8885,97.1135,96.6981,96.9659
2024-01-01T05:13:00Z,97.1854,5628.80,97.2954,97.3824,97.0157,97.1854
2024-01-01T05:14:00Z,97.5994,5070.42,97.4964,98.1124,96.9191,97.5994
2024-01-01T05:15:00Z,97.4511,3942.85,97.3881,97.8040,97.2179,97.4511
2024-01-01T05:16:00Z,97.4844,5842.13,97.3627,97.8000,97.4411,97.4844
2024-01-01T05:17:00Z,97.1357,5072.02,97.0906,97.4110,96.2928,97.1357
2024-01-01T05:18:00Z,97.6305,5296.92,97.7425,98.0191,97.1187,97.6305
2024-01-01T05:19:00Z,97.0413,6462.36,96.9292,97.4454,96.9781,97.0413
2024-01-01T05:20:00Z,97.4325,4016.58,97.1889,97.6753,97.4039,97.4325
2024-01-01T05:21:00Z,97.3372,3407.99,97.4481,97.5435,96.9733,97.3372
2024-01-01T05:22:00Z,97.9228,4992.10,97.7570,98.0133,97.6182,97.9228
2024-01-01T05:23:00Z,98.2983,4674.30,98.1130,98.3804,98.2080,98.2983
2024-01-01T05:24:00Z,99.2086,4556.99,99.1522,99.3068,99.1642,99.2086
2024-01-01T05:25:00Z,99.5740,4590.35,99.5435,99.5859,99.4412,99.5740
2024-01-01T05:26:00Z,98.7879,4999.44,98.8357,98.8157,98.2117,98.7879
2024-01-01T05:27:00Z,98.7545,3026.17,98.5592,98.7664,98.4663,98.7545
2024-01-01T05:28:00Z,98.1685,4537.87,98.1855,98.2506,98.1663,98.1685
2024-01-01T05:29:00Z,97.9093,4739.17,97.9577,98.1086,97.6295,97.9093
2024-01-01T05:30:00Z,98.6649,5644.56,98.7871,99.2972,98.4342,98.6649
2024-01-01T05:31:00Z,98.9837,6558.82,99.0698,99.2476,98.7816,98.9837
2024-01-01T05:32:00Z,98.6342,5057.41,98.7090,98.8971,98.5663,98.6342
2024-01-01T05:33:00Z,98.1274,5087.96,98.1853,98.4626,98.0030,98.1274
2024-01-01T05:34:00Z,98.1438,4099.31,98.2916,98.2097,98.0662,98.1438
2024-01-01T05:35:00Z,97.5355,3502.63,97.6234,97.7117,97.5322,97.5355
2024-01-01T05:36:00Z,97.1999,3881.69,97.2032,97.5930,96.5886,97.1999
2024-01-01T05:37:00Z,97.3559,5231.28,97.2918,97.4713,97.1575,97.3559
2024-01-01T05:38:00Z,97.9336,4308.07,97.9811,98.0234,97.7320,97.9336
2024-01-01T05:39:00Z,98.2380,3603.04,98.2773,98.2886,97.9248,98.2380
2024-01-01T05:40:00Z,97.0923,6024.10,97.2336,97.2890,96.7669,97.0923
2024-01-01T05:41:00Z,97.2445,5678.52,97.2236,97.3315,97.1973,97.2445
2024-01-01T05:42:00Z,97.2805,4438.19,97.3677,97.3918,97.2099,97.2805
2024-01-01T05:43:00Z,97.4875,3171.60,97.3810,97.6723,97.1292,97.4875
2024-01-01T05:44:00Z,98.2956,3373.92,98.4381,98.5145,97.7529,98.2956
2024-01-01T05:45:00Z,97.2640,5101.45,97.2183,97.4814,96.8373,97.2640
2024-01-01T05:46:00Z,96.9684,5199.64,96.8620,97.5708,96.8884,96.9684
2024-01-01T05:47:00Z,97.2639,4216.82,97.3663,97.7322,97.1010,97.2639
2024-01-01T05:48:00Z,96.4731,4418.41,96.4464,96.8141,95.8263,96.4731
2024-01-01T05:49:00Z,97.2110,3924.26,97.1660,97.6763,97.0751,97.2110
2024-01-01T05:50:00Z,97.3952,4869.97,97.4555,97.5616,97.0738,97.3952
2024-01-01T05:51:00Z,97.8185,5147.32,97.8217,98.0042,97.4702,97.8185
2024-01-01T05:52:00Z,97.5330,5509.82,97.4550,97.6740,97.4024,97.5330
2024-01-01T05:53:00Z,97.9399,1952.37,98.0589,98.1055,97.0648,97.9399
2024-01-01T05:54:00Z,98.4741,3533.81,98.4424,98.6590,98.1665,98.4741
2024-01-01T05:55:00Z,98.5906,6128.99,98.3984,98.9187,98.2825,98.5906
2024-01-01T05:56:00Z,98.7078,3982.78,98.6495,98.7243,98.3501,98.7078
2024-01-01T05:57:00Z,98.8430,4596.41,98.6710,99.1028,98.6232,98.8430
2024-01-01T05:58:00Z,98.4113,6604.23,98.2763,98.6702,98.0232,98.4113
2024-01-01T05:59:00Z,98.3375,4198.38,98.2698,98.3475,97.9889,98.3375
2024-01-01T06:00:00Z,98.2613,2819.63,98.1385,98.6436,98.2328,98.2613
2024-01-01T06:01:00Z,98.4530,4090.90,98.3777,98.5669,97.9121,98.4530
2024-01-01T06:02:00Z,98.9529,5245.37,98.9585,99.2142,98.3526,98.9529
2024-01-01T06:03:00Z,98.4236,3975.47,98.4451,98.9565,98.2274,98.4236
2024-01-01T06:04:00Z,98.3611,4413.95,98.3325,98.6335,98.0003,98.3611
2024-01-01T06:05:00Z,99.1018,4763.87,99.0747,99.1511,98.9097,99.1018
2024-01-01T06:06:00Z,98.7300,4911.39,98.7539,98.9503,98.5845,98.7300
2024-01-01T06:07:00Z,98.3189,4693.30,98.2953,98.4480,98.0799,98.3189
2024-01-01T06:08:00Z,98.4201,5769.86,98.2860,98.4515,97.9111,98.4201
2024-01-01T06:09:00Z,98.8423,5488.67,98.9998,99.4102,98.7771,98.8423
2024-01-01T06:10:00Z,98.8480,4747.94,98.8511,98.8992,98.6798,98.8480
2024-01-01T06:11:00Z,99.5124,4232.78,99.5323,99.7482,99.4255,99.5124
2024-01-01T06:12:00Z,99.9408,5545.32,99.9799,100.1827,99.5328,99.9408
2024-01-01T06:13:00Z,100.3618,5392.01,100.3705,100.4312,100.0722,100.3618
2024-01-01T06:14:00Z,100.6388,7214.15,100.5857,100.7300,100.6113,100.6388
2024-01-01T06:15:00Z,101.8026,5251.85,101.8460,101.9382,101.6029,101.8026
2024-01-01T06:16:00Z,101.7001,3889.07,101.6906,102.1215,101.3633,101.7001
2024-01-01T06:17:00Z,100.6983,6777.18,100.5718,101.0549,100.5106,100.6983
2024-01-01T06:18:00Z,101.5004,5159.30,101.6594,101.6981,101.4974,101.5004
2024-01-01T06:19:00Z,101.2716,5476.60,101.3298,101.2800,101.0735,101.2716
2024-01-01T06:20:00Z,101.3255,4930.20,101.3385,101.3299,101.0885,101.3255
2024-01-01T06:21:00Z,101.9803,2398.11,102.0368,102.3803,101.5387,101.9803
2024-01-01T06:22:00Z,101.1792,4506.53,101.3100,101.2408,101.0357,101.1792
2024-01-01T06:23:00Z,100.5533,5736.84,100.5647,100.7512,100.4343,100.5533
2024-01-01T06:24:00Z,99.7527,5294.59,99.6533,99.8915,99.4537,99.7527
2024-01-01T06:25:00Z,99.3556,4236.56,99.5473,99.6324,99.1576,99.3556
2024-01-01T06:26:00Z,99.5754,5497.92,99.6415,99.9892,99.2771,99.5754
2024-01-01T06:27:00Z,99.8375,3775.30,99.9142,99.8682,99.5007,99.8375
2024-01-01T06:28:00Z,99.9757,5583.11,100.0123,100.3234,99.1184,99.9757
2024-01-01T06:29:00Z,99.2693,3907.10,99.2090,99.4172,98.7262,99.2693
2024-01-01T06:30:00Z,98.1142,5379.69,98.1415,98.5483,97.5975,98.1142
2024-01-01T06:31:00Z,98.1414,4967.66,98.2379,98.2341,98.0896,98.1414
2024-01-01T06:32:00Z,97.9055,3593.09,97.8713,98.0647,97.8467,97.9055
2024-01-01T06:33:00Z,98.1352,3713.87,98.1409,98.7285,98.0568,98.1352
2024-01-01T06:34:00Z,98.4862,4084.88,98.2706,98.4965,98.4701,98.4862
2024-01-01T06:35:00Z,98.5553,5158.45,98.4400,98.6775,98.4392,98.5553
2024-01-01T06:36:00Z,98.9354,4532.02,98.9259,99.2421,98.7023,98.9354
2024-01-01T06:37:00Z,99.0500,5629.40,99.0695,99.2388,98.9096,99.0500
2024-01-01T06:38:00Z,99.3150,5784.69,99.3245,99.3546,99.0694,99.3150
2024-01-01T06:39:00Z,98.9627,6543.49,98.7819,99.2239,98.7213,98.9627
2024-01-01T06:40:00Z,98.8729,5771.87,98.8015,98.9499,98.3585,98.8729
2024-01-01T06:41:00Z,98.9713,3952.71,99.1114,99.0552,98.8177,98.9713
2024-01-01T06:42:00Z,99.3815,5496.34,99.4206,99.6210,99.3181,99.3815
2024-01-01T06:43:00Z,99.1847,4740.79,99.2336,99.4580,99.1251,99.1847
2024-01-01T06:44:00Z,99.4452,5772.54,99.4668,99.4641,99.4130,99.4452
2024-01-01T06:45:00Z,99.3123,5067.67,99.2314,99.4789,99.2991,99.3123
2024-01-01T06:46:00Z,99.2536,4476.23,99.4742,99.2620,99.1956,99.2536
2024-01-01T06:47:00Z,99.6683,7337.85,99.6781,99.7950,99.3478,99.6683
2024-01-01T06:48:00Z,98.6718,4648.48,98.5919,98.7852,98.5746,98.6718
2024-01-01T06:49:00Z,98.0236,6259.11,98.0555,98.0982,97.7697,98.0236
2024-01-01T06:50:00Z,97.2825,5394.24,97.5529,97.3109,97.1828,97.2825
2024-01-01T06:51:00Z,96.1157,5936.57,96.0214,96.3315,95.9074,96.1157
2024-01-01T06:52:00Z,95.7765,5731.49,95.7702,95.8858,95.7383,95.7765
2024-01-01T06:53:00Z,96.1512,5600.96,96.1737,96.4053,95.8286,96.1512
2024-01-01T06:54:00Z,96.0088,4256.14,96.0765,96.1086,95.7660,96.0088
2024-01-01T06:55:00Z,96.1077,5633.42,96.2378,96.2641,95.8245,96.1077
2024-01-01T06:56:00Z,96.6523,3290.77,96.9336,96.8338,96.2781,96.6523
2024-01-01T06:57:00Z,97.3161,3922.42,97.2311,97.5377,97.1313,97.3161
2024-01-01T06:58:00Z,97.2816,5051.70,97.3151,97.3715,96.9166,97.2816
2024-01-01T06:59:00Z,97.9584,4626.59,98.0187,98.1027,97.8060,97.9584
2024-01-01T07:00:00Z,98.0044,3997.62,97.8182,98.6408,97.9341,98.0044
2024-01-01T07:01:00Z,97.5857,4531.57,97.5735,98.1079,97.5805,97.5857
2024-01-01T07:02:00Z,97.2885,4068.93,97.3611,97.8918,97.1238,97.2885
2024-01-01T07:03:00Z,96.5483,3143.69,96.5656,96.8480,96.5372,96.5483
2024-01-01T07:04:00Z,96.1042,4186.61,96.0827,96.1583,96.1000,96.1042
2024-01-01T07:05:00Z,95.9252,5604.79,95.9343,96.0870,95.8721,95.9252
2024-01-01T07:06:00Z,96.3270,5437.66,96.2814,96.6512,96.2387,96.3270
2024-01-01T07:07:00Z,97.1874,5979.59,97.2664,97.3706,97.0571,97.1874
2024-01-01T07:08:00Z,96.4963,5013.90,96.4096,96.8838,95.9628,96.4963
2024-01-01T07:09:00Z,96.6927,3514.44,96.6278,96.6961,96.6633,96.6927
2024-01-01T07:10:00Z,96.1724,4205.96,96.1810,96.2002,95.9419,96.1724
2024-01-01T07:11:00Z,96.4098,5579.28,96.4249,96.7397,96.3395,96.4098
2024-01-01T07:12:00Z,96.3442,3922.44,96.3927,97.0000,96.2610,96.3442
2024-01-01T07:13:00Z,95.4288,3956.06,95.3364,95.8148,94.9539,95.4288
2024-01-01T07:14:00Z,95.8929,4695.03,95.8027,95.9046,95.8659,95.8929
2024-01-01T07:15:00Z,95.5904,5942.59,95.4510,95.9592,95.3486,95.5904
2024-01-01T07:16:00Z,95.3235,4255.38,95.1652,95.4712,95.1373,95.3235
2024-01-01T07:17:00Z,94.7886,4915.48,94.6849,94.8050,94.4389,94.7886
2024-01-01T07:18:00Z,94.4614,3817.55,94.5648,94.6640,93.7471,94.4614
2024-01-01T07:19:00Z,94.6754,5550.92,94.7838,94.7750,94.6014,94.6754
2024-01-01T07:20:00Z,94.5808,4805.02,94.5946,95.2940,94.3453,94.5808
2024-01-01T07:21:00Z,94.7451,4785.73,94.8059,94.8884,94.5083,94.7451
2024-01-01T07:22:00Z,94.9261,3909.55,94.9677,95.4800,94.7894,94.9261
2024-01-01T07:23:00Z,95.5864,1936.22,95.5991,95.7758,95.3139,95.5864
2024-01-01T07:24:00Z,95.4150,3015.86,95.3603,95.7984,94.8491,95.4150
2024-01-01T07:25:00Z,94.6766,5276.96,94.7871,95.0471,94.6726,94.6766
2024-01-01T07:26:00Z,95.2102,7277.43,95.2799,95.3477,95.1013,95.2102
2024-01-01T07:27:00Z,95.0444,6141.48,95.0891,95.3357,94.5703,95.0444
2024-01-01T07:28:00Z,95.6017,5927.74,95.7182,95.9625,95.4738,95.6017
2024-01-01T07:29:00Z,95.7934,4693.88,95.7427,96.5652,95.5684,95.7934
2024-01-01T07:30:00Z,95.7279,4565.30,95.4516,95.8749,95.4608,95.7279
2024-01-01T07:31:00Z,95.9022,5013.38,96.0958,96.0130,95.7543,95.9022
2024-01-01T07:32:00Z,96.8777,5279.24,96.9604,97.2651,96.7993,96.8777
2024-01-01T07:33:00Z,97.9162,5366.33,97.9658,98.3269,97.8995,97.9162
2024-01-01T07:34:00Z,97.9509,4729.60,98.1744,98.0374,97.8294,97.9509
2024-01-01T07:35:00Z,98.0310,5011.72,98.1450,98.1569,97.6537,98.0310
2024-01-01T07:36:00Z,98.5691,6469.94,98.3472,99.2842,98.4141,98.5691
2024-01-01T07:37:00Z,98.1463,3447.49,98.0561,98.1972,97.8464,98.1463
2024-01-01T07:38:00Z,98.3128,5084.66,98.2637,98.3911,98.3028,98.3128
2024-01-01T07:39:00Z,98.2999,5843.94,98.4049,99.1301,98.0496,98.2999
2024-01-01T07:40:00Z,98.4569,4811.41,98.2514,98.9007,98.3998,98.4569
2024-01-01T07:41:00Z,98.0402,4308.23,98.0225,98.2837,97.7492,98.0402
2024-01-01T07:42:00Z,97.2454,5621.60,97.3106,97.6960,97.0206,97.2454
2024-01-01T07:43:00Z,96.2089,2813.56,96.0904,96.2201,96.1496,96.2089
2024-01-01T07:44:00Z,95.6502,6571.34,95.7711,95.6952,95.5530,95.6502
2024-01-01T07:45:00Z,95.4209,5480.33,95.3857,95.8919,95.1215,95.4209
2024-01-01T07:46:00Z,95.2743,4612.21,95.3862,96.0339,94.8303,95.2743
2024-01-01T07:47:00Z,96.2429,4761.56,96.1328,96.5079,96.0062,96.2429
2024-01-01T07:48:00Z,96.7959,2560.75,96.7604,96.8303,96.3180,96.7959
2024-01-01T07:49:00Z,96.3149,4913.30,96.3191,96.4662,96.1051,96.3149
2024-01-01T07:50:00Z,96.4887,4482.99,96.3354,96.5708,96.2516,96.4887
2024-01-01T07:51:00Z,96.2852,5668.56,96.1243,96.4904,96.1009,96.2852
2024-01-01T07:52:00Z,96.1430,5705.97,95.9469,96.4799,96.1295,96.1430
2024-01-01T07:53:00Z,96.2356,3840.16,96.1469,96.7336,96.1430,96.2356
2024-01-01T07:54:00Z,96.5452,5588.70,96.4808,96.6778,96.4902,96.5452
2024-01-01T07:55:00Z,96.3756,4302.44,96.4037,96.5094,96.0815,96.3756
2024-01-01T07:56:00Z,96.9075,4645.41,96.9366,97.1673,96.4133,96.9075
2024-01-01T07:57:00Z,96.3366,6575.68,96.2465,97.0482,96.1758,96.3366
2024-01-01T07:58:00Z,96.3397,6356.76,96.4507,96.8506,95.9073,96.3397
2024-01-01T07:59:00Z,97.6386,2672.90,97.7002,97.8621,97.4489,97.6386
2024-01-01T08:00:00Z,97.7501,4564.27,97.9051,98.3085,97.6659,97.7501
2024-01-01T08:01:00Z,98.4667,4423.15,98.6774,98.4970,98.1266,98.4667
2024-01-01T08:02:00Z,98.5125,6027.58,98.3603,98.5175,97.9659,98.5125
2024-01-01T08:03:00Z,98.8029,4041.99,98.7786,99.1084,98.7721,98.8029
2024-01-01T08:04:00Z,98.7745,4870.26,98.8740,99.0694,98.6915,98.7745
2024-01-01T08:05:00Z,98.6893,5739.69,98.5921,98.7103,98.5179,98.6893
2024-01-01T08:06:00Z,98.2995,4541.92,98.2619,98.5453,97.5184,98.2995
2024-01-01T08:07:00Z,98.5147,4596.84,98.4612,98.7454,98.2689,98.5147
2024-01-01T08:08:00Z,98.0889,5089.59,98.0479,98.2512,97.8406,98.0889
2024-01-01T08:09:00Z,98.4217,3083.40,98.2375,98.7205,98.2403,98.4217
2024-01-01T08:10:00Z,98.9643,3811.12,98.9489,99.3422,98.5704,98.9643
2024-01-01T08:11:00Z,99.1476,6322.50,99.1036,99.3584,98.9154,99.1476
2024-01-01T08:12:00Z,99.0045,4566.77,98.9584,99.2031,98.9996,99.0045
2024-01-01T08:13:00Z,99.2315,5036.48,99.1407,99.3298,99.0562,99.2315
2024-01-01T08:14:00Z,99.0771,4719.93,99.1533,99.6866,99.0136,99.0771
2024-01-01T08:15:00Z,99.5449,4964.18,99.5666,100.0899,99.2805,99.5449
2024-01-01T08:16:00Z,98.6292,5847.96,98.6399,98.6593,98.5949,98.6292
2024-01-01T08:17:00Z,98.4614,4298.23,98.5429,98.8747,98.4607,98.4614
2024-01-01T08:18:00Z,97.4660,7210.64,97.5751,97.6958,97.2374,97.4660
2024-01-01T08:19:00Z,96.7185,6231.88,96.6637,96.7551,96.0607,96.7185
