fold_id,asset,test_start_ts,test_end_ts,in_2022,n_test,sharpe_test
1,EURUSD,2008-01-02,2008-03-28,False,63,-2.8739
1,GBPUSD,2008-01-02,2008-03-28,False,63,-1.4512
1,USDJPY,2008-01-02,2008-03-28,False,63,1.4488
1,AUDUSD,2008-01-02,2008-03-28,False,63,1.5061
1,USDCAD,2008-01-02,2008-03-28,False,63,-3.6415
1,USDCHF,2008-01-02,2008-03-28,False,63,0.395
1,EURGBP,2008-01-02,2008-03-28,False,63,-1.2146
1,EURJPY,2008-01-02,2008-03-28,False,63,-0.2409
2,EURUSD,2008-01-31,2008-04-28,False,63,-2.1298
2,GBPUSD,2008-01-31,2008-04-28,False,63,-0.855
2,USDJPY,2008-01-31,2008-04-28,False,63,-2.0272
2,AUDUSD,2008-01-31,2008-04-28,False,63,1.2129
2,USDCAD,2008-01-31,2008-04-28,False,63,-0.9209
2,USDCHF,2008-01-31,2008-04-28,False,63,0.395
2,EURGBP,2008-01-31,2008-04-28,False,63,-2.6607
2,EURJPY,2008-01-31,2008-04-28,False,63,0.7931
3,EURUSD,2008-02-29,2008-05-27,False,63,-1.4358
3,GBPUSD,2008-02-29,2008-05-27,False,63,-1.3208
3,USDJPY,2008-02-29,2008-05-27,False,63,-2.4059
3,AUDUSD,2008-02-29,2008-05-27,False,63,-0.7929
3,USDCAD,2008-02-29,2008-05-27,False,63,-2.2203
3,USDCHF,2008-02-29,2008-05-27,False,63,1.4397
3,EURGBP,2008-02-29,2008-05-27,False,63,-2.0564
3,EURJPY,2008-02-29,2008-05-27,False,63,0.3611
4,EURUSD,2008-03-31,2008-06-25,False,63,0.5882
4,GBPUSD,2008-03-31,2008-06-25,False,63,-0.7442
4,USDJPY,2008-03-31,2008-06-25,False,63,-3.4507
4,AUDUSD,2008-03-31,2008-06-25,False,63,0.6661
4,USDCAD,2008-03-31,2008-06-25,False,63,-0.5773
4,USDCHF,2008-03-31,2008-06-25,False,63,0.8843
4,EURGBP,2008-03-31,2008-06-25,False,63,0.2765
4,EURJPY,2008-03-31,2008-06-25,False,63,3.5103
5,EURUSD,2008-04-29,2008-07-24,False,63,-0.1505
5,GBPUSD,2008-04-29,2008-07-24,False,63,-1.275
5,USDJPY,2008-04-29,2008-07-24,False,63,-2.1535
5,AUDUSD,2008-04-29,2008-07-24,False,63,0.5269
5,USDCAD,2008-04-29,2008-07-24,False,63,-0.2325
5,USDCHF,2008-04-29,2008-07-24,False,63,1.1911
5,EURGBP,2008-04-29,2008-07-24,False,63,1.1046
5,EURJPY,2008-04-29,2008-07-24,False,63,1.793
6,EURUSD,2008-05-28,2008-08-22,False,63,-0.3177
6,GBPUSD,2008-05-28,2008-08-22,False,63,3.2237
6,USDJPY,2008-05-28,2008-08-22,False,63,0.0
6,AUDUSD,2008-05-28,2008-08-22,False,63,-0.2598
6,USDCAD,2008-05-28,2008-08-22,False,63,4.1714
6,USDCHF,2008-05-28,2008-08-22,False,63,-1.2773
6,EURGBP,2008-05-28,2008-08-22,False,63,0.697
6,EURJPY,2008-05-28,2008-08-22,False,63,-0.9254
7,EURUSD,2008-06-26,2008-09-22,False,63,-3.5551
7,GBPUSD,2008-06-26,2008-09-22,False,63,4.3343
7,USDJPY,2008-06-26,2008-09-22,False,63,0.655
7,AUDUSD,2008-06-26,2008-09-22,False,63,0.3463
7,USDCAD,2008-06-26,2008-09-22,False,63,3.7769
7,USDCHF,2008-06-26,2008-09-22,False,63,-1.8099
7,EURGBP,2008-06-26,2008-09-22,False,63,0.7248
7,EURJPY,2008-06-26,2008-09-22,False,63,-3.2738
8,EURUSD,2008-07-25,2008-10-21,False,63,-3.3407
8,GBPUSD,2008-07-25,2008-10-21,False,63,3.1577
8,USDJPY,2008-07-25,2008-10-21,False,63,0.9899
8,AUDUSD,2008-07-25,2008-10-21,False,63,2.5228
8,USDCAD,2008-07-25,2008-10-21,False,63,-1.7038
8,USDCHF,2008-07-25,2008-10-21,False,63,-2.1771
8,EURGBP,2008-07-25,2008-10-21,False,63,-0.9369
8,EURJPY,2008-07-25,2008-10-21,False,63,-0.2529
9,EURUSD,2008-08-25,2008-11-19,False,63,-1.8488
9,GBPUSD,2008-08-25,2008-11-19,False,63,2.559
9,USDJPY,2008-08-25,2008-11-19,False,63,1.0224
9,AUDUSD,2008-08-25,2008-11-19,False,63,2.7706
9,USDCAD,2008-08-25,2008-11-19,False,63,-1.6702
9,USDCHF,2008-08-25,2008-11-19,False,63,-0.3007
9,EURGBP,2008-08-25,2008-11-19,False,63,2.0832
9,EURJPY,2008-08-25,2008-11-19,False,63,1.3383
10,EURUSD,2008-09-23,2008-12-18,False,63,3.31
10,GBPUSD,2008-09-23,2008-12-18,False,63,-2.176
10,USDJPY,2008-09-23,2008-12-18,False,63,-0.3042
10,AUDUSD,2008-09-23,2008-12-18,False,63,2.8267
10,USDCAD,2008-09-23,2008-12-18,False,63,-0.8102
10,USDCHF,2008-09-23,2008-12-18,False,63,-2.567
10,EURGBP,2008-09-23,2008-12-18,False,63,2.6636
10,EURJPY,2008-09-23,2008-12-18,False,63,2.183
11,EURUSD,2008-10-22,2009-01-20,False,63,0.7567
11,GBPUSD,2008-10-22,2009-01-20,False,63,-1.6776
11,USDJPY,2008-10-22,2009-01-20,False,63,-1.7257
11,AUDUSD,2008-10-22,2009-01-20,False,63,0.5844
11,USDCAD,2008-10-22,2009-01-20,False,63,0.1543
11,USDCHF,2008-10-22,2009-01-20,False,63,-2.9108
11,EURGBP,2008-10-22,2009-01-20,False,63,1.5065
11,EURJPY,2008-10-22,2009-01-20,False,63,2.0853
12,EURUSD,2008-11-20,2009-02-18,False,63,0.7865
12,GBPUSD,2008-11-20,2009-02-18,False,63,-1.4268
12,USDJPY,2008-11-20,2009-02-18,False,63,-1.32
12,AUDUSD,2008-11-20,2009-02-18,False,63,-0.4109
12,USDCAD,2008-11-20,2009-02-18,False,63,-0.0228
12,USDCHF,2008-11-20,2009-02-18,False,63,-2.6492
12,EURGBP,2008-11-20,2009-02-18,False,63,-0.4882
12,EURJPY,2008-11-20,2009-02-18,False,63,1.5546
13,EURUSD,2008-12-19,2009-03-19,False,63,-0.6874
13,GBPUSD,2008-12-19,2009-03-19,False,63,-0.868
13,USDJPY,2008-12-19,2009-03-19,False,63,0.535
13,AUDUSD,2008-12-19,2009-03-19,False,63,2.015
13,USDCAD,2008-12-19,2009-03-19,False,63,-1.9531
13,USDCHF,2008-12-19,2009-03-19,False,63,-1.1169
13,EURGBP,2008-12-19,2009-03-19,False,63,-1.5463
13,EURJPY,2008-12-19,2009-03-19,False,63,0.6768
14,EURUSD,2009-01-21,2009-04-17,False,63,3.0515
14,GBPUSD,2009-01-21,2009-04-17,False,63,-1.4019
14,USDJPY,2009-01-21,2009-04-17,False,63,2.353
14,AUDUSD,2009-01-21,2009-04-17,False,63,3.9028
14,USDCAD,2009-01-21,2009-04-17,False,63,-1.0411
14,USDCHF,2009-01-21,2009-04-17,False,63,-2.1134
14,EURGBP,2009-01-21,2009-04-17,False,63,2.5698
14,EURJPY,2009-01-21,2009-04-17,False,63,-5.8293
15,EURUSD,2009-02-19,2009-05-18,False,63,3.7566
15,GBPUSD,2009-02-19,2009-05-18,False,63,-2.4088
15,USDJPY,2009-02-19,2009-05-18,False,63,2.6116
15,AUDUSD,2009-02-19,2009-05-18,False,63,1.3123
15,USDCAD,2009-02-19,2009-05-18,False,63,-2.8251
15,USDCHF,2009-02-19,2009-05-18,False,63,-0.4643
15,EURGBP,2009-02-19,2009-05-18,False,63,3.9099
15,EURJPY,2009-02-19,2009-05-18,False,63,-6.3122
16,EURUSD,2009-03-20,2009-06-22,False,63,0.0
16,GBPUSD,2009-03-20,2009-06-22,False,63,-1.9969
16,USDJPY,2009-03-20,2009-06-22,False,63,1.6281
16,AUDUSD,2009-03-20,2009-06-22,False,63,-1.01
16,USDCAD,2009-03-20,2009-06-22,False,63,-1.5369
16,USDCHF,2009-03-20,2009-06-22,False,63,0.4476
16,EURGBP,2009-03-20,2009-06-22,False,63,3.9788
16,EURJPY,2009-03-20,2009-06-22,False,63,-4.3157
17,EURUSD,2009-04-20,2009-07-21,False,63,-2.3053
17,GBPUSD,2009-04-20,2009-07-21,False,63,-0.8522
17,USDJPY,2009-04-20,2009-07-21,False,63,-0.914
17,AUDUSD,2009-04-20,2009-07-21,False,63,-1.7968
17,USDCAD,2009-04-20,2009-07-21,False,63,-2.3242
17,USDCHF,2009-04-20,2009-07-21,False,63,1.6916
17,EURGBP,2009-04-20,2009-07-21,False,63,1.9235
17,EURJPY,2009-04-20,2009-07-21,False,63,0.0
18,EURUSD,2009-05-19,2009-08-19,False,63,-1.2439
18,GBPUSD,2009-05-19,2009-08-19,False,63,0.0
18,USDJPY,2009-05-19,2009-08-19,False,63,-0.6911
18,AUDUSD,2009-05-19,2009-08-19,False,63,-0.4076
18,USDCAD,2009-05-19,2009-08-19,False,63,-1.6232
18,USDCHF,2009-05-19,2009-08-19,False,63,0.3336
18,EURGBP,2009-05-19,2009-08-19,False,63,1.1713
18,EURJPY,2009-05-19,2009-08-19,False,63,0.0
19,EURUSD,2009-06-23,2009-09-17,False,63,-2.9714
19,GBPUSD,2009-06-23,2009-09-17,False,63,-1.4696
19,USDJPY,2009-06-23,2009-09-17,False,63,-1.9486
19,AUDUSD,2009-06-23,2009-09-17,False,63,2.4771
19,USDCAD,2009-06-23,2009-09-17,False,63,-2.736
19,USDCHF,2009-06-23,2009-09-17,False,63,0.1326
19,EURGBP,2009-06-23,2009-09-17,False,63,-1.9877
19,EURJPY,2009-06-23,2009-09-17,False,63,-0.6393
20,EURUSD,2009-07-22,2009-10-16,False,63,-1.1937
20,GBPUSD,2009-07-22,2009-10-16,False,63,0.8948
20,USDJPY,2009-07-22,2009-10-16,False,63,-1.4289
20,AUDUSD,2009-07-22,2009-10-16,False,63,-2.5846
20,USDCAD,2009-07-22,2009-10-16,False,63,-1.2138
20,USDCHF,2009-07-22,2009-10-16,False,63,-0.4956
20,EURGBP,2009-07-22,2009-10-16,False,63,0.0364
20,EURJPY,2009-07-22,2009-10-16,False,63,-0.2784
21,EURUSD,2009-08-20,2009-11-16,False,63,-2.5131
21,GBPUSD,2009-08-20,2009-11-16,False,63,0.8948
21,USDJPY,2009-08-20,2009-11-16,False,63,-1.2256
21,AUDUSD,2009-08-20,2009-11-16,False,63,-3.53
21,USDCAD,2009-08-20,2009-11-16,False,63,-0.7567
21,USDCHF,2009-08-20,2009-11-16,False,63,-1.9254
21,EURGBP,2009-08-20,2009-11-16,False,63,-1.274
21,EURJPY,2009-08-20,2009-11-16,False,63,0.1363
22,EURUSD,2009-09-18,2009-12-15,False,63,-0.0345
22,GBPUSD,2009-09-18,2009-12-15,False,63,1.0167
22,USDJPY,2009-09-18,2009-12-15,False,63,1.9779
22,AUDUSD,2009-09-18,2009-12-15,False,63,-2.7789
22,USDCAD,2009-09-18,2009-12-15,False,63,0.6753
22,USDCHF,2009-09-18,2009-12-15,False,63,-0.1782
22,EURGBP,2009-09-18,2009-12-15,False,63,-0.2274
22,EURJPY,2009-09-18,2009-12-15,False,63,1.5244
23,EURUSD,2009-10-19,2010-01-15,False,63,-1.7097
23,GBPUSD,2009-10-19,2010-01-15,False,63,-0.354
23,USDJPY,2009-10-19,2010-01-15,False,63,1.4393
23,AUDUSD,2009-10-19,2010-01-15,False,63,-0.6552
23,USDCAD,2009-10-19,2010-01-15,False,63,0.412
23,USDCHF,2009-10-19,2010-01-15,False,63,0.1846
23,EURGBP,2009-10-19,2010-01-15,False,63,-1.5596
23,EURJPY,2009-10-19,2010-01-15,False,63,0.931
24,EURUSD,2009-11-17,2010-02-15,False,63,-0.0051
24,GBPUSD,2009-11-17,2010-02-15,False,63,0.2241
24,USDJPY,2009-11-17,2010-02-15,False,63,1.0733
24,AUDUSD,2009-11-17,2010-02-15,False,63,0.4481
24,USDCAD,2009-11-17,2010-02-15,False,63,0.2382
24,USDCHF,2009-11-17,2010-02-15,False,63,2.2372
24,EURGBP,2009-11-17,2010-02-15,False,63,-1.3332
24,EURJPY,2009-11-17,2010-02-15,False,63,1.2559
25,EURUSD,2009-12-16,2010-03-16,False,63,-0.5732
25,GBPUSD,2009-12-16,2010-03-16,False,63,0.6824
25,USDJPY,2009-12-16,2010-03-16,False,63,0.2741
25,AUDUSD,2009-12-16,2010-03-16,False,63,0.816
25,USDCAD,2009-12-16,2010-03-16,False,63,-0.8431
25,USDCHF,2009-12-16,2010-03-16,False,63,1.2424
25,EURGBP,2009-12-16,2010-03-16,False,63,-4.5713
25,EURJPY,2009-12-16,2010-03-16,False,63,-0.4713
26,EURUSD,2010-01-18,2010-04-14,False,63,1.1011
26,GBPUSD,2010-01-18,2010-04-14,False,63,1.1581
26,USDJPY,2010-01-18,2010-04-14,False,63,1.4634
26,AUDUSD,2010-01-18,2010-04-14,False,63,-0.849
26,USDCAD,2010-01-18,2010-04-14,False,63,1.8627
26,USDCHF,2010-01-18,2010-04-14,False,63,0.8474
26,EURGBP,2010-01-18,2010-04-14,False,63,-4.1363
26,EURJPY,2010-01-18,2010-04-14,False,63,0.7226
27,EURUSD,2010-02-16,2010-05-13,False,63,0.9928
27,GBPUSD,2010-02-16,2010-05-13,False,63,0.8591
27,USDJPY,2010-02-16,2010-05-13,False,63,1.3213
27,AUDUSD,2010-02-16,2010-05-13,False,63,-1.8202
27,USDCAD,2010-02-16,2010-05-13,False,63,1.8627
27,USDCHF,2010-02-16,2010-05-13,False,63,-2.168
27,EURGBP,2010-02-16,2010-05-13,False,63,-0.9452
27,EURJPY,2010-02-16,2010-05-13,False,63,-1.7762
28,EURUSD,2010-03-17,2010-06-11,False,63,-0.1373
28,GBPUSD,2010-03-17,2010-06-11,False,63,1.2771
28,USDJPY,2010-03-17,2010-06-11,False,63,1.6135
28,AUDUSD,2010-03-17,2010-06-11,False,63,-2.1212
28,USDCAD,2010-03-17,2010-06-11,False,63,1.8627
28,USDCHF,2010-03-17,2010-06-11,False,63,-2.3607
28,EURGBP,2010-03-17,2010-06-11,False,63,2.1125
28,EURJPY,2010-03-17,2010-06-11,False,63,-2.3012
29,EURUSD,2010-04-15,2010-07-12,False,63,0.3367
29,GBPUSD,2010-04-15,2010-07-12,False,63,0.0
29,USDJPY,2010-04-15,2010-07-12,False,63,1.4905
29,AUDUSD,2010-04-15,2010-07-12,False,63,-2.2957
29,USDCAD,2010-04-15,2010-07-12,False,63,0.0
29,USDCHF,2010-04-15,2010-07-12,False,63,-4.5841
29,EURGBP,2010-04-15,2010-07-12,False,63,3.0861
29,EURJPY,2010-04-15,2010-07-12,False,63,-2.0907
30,EURUSD,2010-05-14,2010-08-10,False,63,1.161
30,GBPUSD,2010-05-14,2010-08-10,False,63,0.0
30,USDJPY,2010-05-14,2010-08-10,False,63,2.3286
30,AUDUSD,2010-05-14,2010-08-10,False,63,-1.3703
30,USDCAD,2010-05-14,2010-08-10,False,63,-0.1204
30,USDCHF,2010-05-14,2010-08-10,False,63,-3.1732
30,EURGBP,2010-05-14,2010-08-10,False,63,3.052
30,EURJPY,2010-05-14,2010-08-10,False,63,-0.6187
31,EURUSD,2010-06-14,2010-09-08,False,63,2.3719
31,GBPUSD,2010-06-14,2010-09-08,False,63,-1.8793
31,USDJPY,2010-06-14,2010-09-08,False,63,3.3561
31,AUDUSD,2010-06-14,2010-09-08,False,63,-1.201
31,USDCAD,2010-06-14,2010-09-08,False,63,-0.7746
31,USDCHF,2010-06-14,2010-09-08,False,63,-4.5215
31,EURGBP,2010-06-14,2010-09-08,False,63,3.4918
31,EURJPY,2010-06-14,2010-09-08,False,63,1.5898
32,EURUSD,2010-07-13,2010-10-07,False,63,-1.2633
32,GBPUSD,2010-07-13,2010-10-07,False,63,-1.8793
32,USDJPY,2010-07-13,2010-10-07,False,63,2.6875
32,AUDUSD,2010-07-13,2010-10-07,False,63,-4.0449
32,USDCAD,2010-07-13,2010-10-07,False,63,-1.0758
32,USDCHF,2010-07-13,2010-10-07,False,63,-3.8634
32,EURGBP,2010-07-13,2010-10-07,False,63,3.1845
32,EURJPY,2010-07-13,2010-10-07,False,63,-0.4513
33,EURUSD,2010-08-11,2010-11-05,False,63,-2.8687
33,GBPUSD,2010-08-11,2010-11-05,False,63,-1.8793
33,USDJPY,2010-08-11,2010-11-05,False,63,1.6058
33,AUDUSD,2010-08-11,2010-11-05,False,63,-4.7746
33,USDCAD,2010-08-11,2010-11-05,False,63,-1.1405
33,USDCHF,2010-08-11,2010-11-05,False,63,-2.826
33,EURGBP,2010-08-11,2010-11-05,False,63,2.4253
33,EURJPY,2010-08-11,2010-11-05,False,63,-0.1742
34,EURUSD,2010-09-09,2010-12-06,False,63,0.4138
34,GBPUSD,2010-09-09,2010-12-06,False,63,0.9694
34,USDJPY,2010-09-09,2010-12-06,False,63,2.2845
34,AUDUSD,2010-09-09,2010-12-06,False,63,-4.2499
34,USDCAD,2010-09-09,2010-12-06,False,63,-0.0939
34,USDCHF,2010-09-09,2010-12-06,False,63,-2.0682
34,EURGBP,2010-09-09,2010-12-06,False,63,3.1558
34,EURJPY,2010-09-09,2010-12-06,False,63,-2.8179
35,EURUSD,2010-10-08,2011-01-04,False,63,2.1505
35,GBPUSD,2010-10-08,2011-01-04,False,63,1.7564
35,USDJPY,2010-10-08,2011-01-04,False,63,0.8366
35,AUDUSD,2010-10-08,2011-01-04,False,63,-1.9906
35,USDCAD,2010-10-08,2011-01-04,False,63,-0.3814
35,USDCHF,2010-10-08,2011-01-04,False,63,0.5121
35,EURGBP,2010-10-08,2011-01-04,False,63,0.0002
35,EURJPY,2010-10-08,2011-01-04,False,63,-0.6186
36,EURUSD,2010-11-08,2011-02-02,False,63,0.1364
36,GBPUSD,2010-11-08,2011-02-02,False,63,3.1909
36,USDJPY,2010-11-08,2011-02-02,False,63,1.3832
36,AUDUSD,2010-11-08,2011-02-02,False,63,-1.7534
36,USDCAD,2010-11-08,2011-02-02,False,63,0.0884
36,USDCHF,2010-11-08,2011-02-02,False,63,1.6176
36,EURGBP,2010-11-08,2011-02-02,False,63,0.2085
36,EURJPY,2010-11-08,2011-02-02,False,63,1.2196
37,EURUSD,2010-12-07,2011-03-03,False,63,-4.7557
37,GBPUSD,2010-12-07,2011-03-03,False,63,2.8632
37,USDJPY,2010-12-07,2011-03-03,False,63,-1.4927
37,AUDUSD,2010-12-07,2011-03-03,False,63,-0.2034
37,USDCAD,2010-12-07,2011-03-03,False,63,-0.367
37,USDCHF,2010-12-07,2011-03-03,False,63,4.2745
37,EURGBP,2010-12-07,2011-03-03,False,63,-0.8283
37,EURJPY,2010-12-07,2011-03-03,False,63,3.4618
38,EURUSD,2011-01-05,2011-04-01,False,63,-5.2331
38,GBPUSD,2011-01-05,2011-04-01,False,63,2.5786
38,USDJPY,2011-01-05,2011-04-01,False,63,2.1239
38,AUDUSD,2011-01-05,2011-04-01,False,63,1.1998
38,USDCAD,2011-01-05,2011-04-01,False,63,2.9457
38,USDCHF,2011-01-05,2011-04-01,False,63,2.8202
38,EURGBP,2011-01-05,2011-04-01,False,63,0.4832
38,EURJPY,2011-01-05,2011-04-01,False,63,1.7259
39,EURUSD,2011-02-03,2011-05-02,False,63,-4.4015
39,GBPUSD,2011-02-03,2011-05-02,False,63,-1.6339
39,USDJPY,2011-02-03,2011-05-02,False,63,0.9703
39,AUDUSD,2011-02-03,2011-05-02,False,63,2.006
39,USDCAD,2011-02-03,2011-05-02,False,63,1.9103
39,USDCHF,2011-02-03,2011-05-02,False,63,-0.3289
39,EURGBP,2011-02-03,2011-05-02,False,63,1.0167
39,EURJPY,2011-02-03,2011-05-02,False,63,-0.6445
40,EURUSD,2011-03-04,2011-05-31,False,63,-2.1925
40,GBPUSD,2011-03-04,2011-05-31,False,63,-1.8703
40,USDJPY,2011-03-04,2011-05-31,False,63,1.9459
40,AUDUSD,2011-03-04,2011-05-31,False,63,1.2641
40,USDCAD,2011-03-04,2011-05-31,False,63,0.4765
40,USDCHF,2011-03-04,2011-05-31,False,63,-2.6209
40,EURGBP,2011-03-04,2011-05-31,False,63,1.969
40,EURJPY,2011-03-04,2011-05-31,False,63,0.0885
41,EURUSD,2011-04-04,2011-06-29,False,63,-2.474
41,GBPUSD,2011-04-04,2011-06-29,False,63,-1.5586
41,USDJPY,2011-04-04,2011-06-29,False,63,-1.0531
41,AUDUSD,2011-04-04,2011-06-29,False,63,0.2417
41,USDCAD,2011-04-04,2011-06-29,False,63,-0.0496
41,USDCHF,2011-04-04,2011-06-29,False,63,-3.8317
41,EURGBP,2011-04-04,2011-06-29,False,63,2.0
41,EURJPY,2011-04-04,2011-06-29,False,63,0.7171
42,EURUSD,2011-05-03,2011-07-28,False,63,1.6021
42,GBPUSD,2011-05-03,2011-07-28,False,63,-2.4361
42,USDJPY,2011-05-03,2011-07-28,False,63,-2.6501
42,AUDUSD,2011-05-03,2011-07-28,False,63,-0.4345
42,USDCAD,2011-05-03,2011-07-28,False,63,0.3301
42,USDCHF,2011-05-03,2011-07-28,False,63,-3.1094
42,EURGBP,2011-05-03,2011-07-28,False,63,2.5695
42,EURJPY,2011-05-03,2011-07-28,False,63,1.586
43,EURUSD,2011-06-01,2011-08-26,False,63,1.6021
43,GBPUSD,2011-06-01,2011-08-26,False,63,-2.3713
43,USDJPY,2011-06-01,2011-08-26,False,63,-2.8232
43,AUDUSD,2011-06-01,2011-08-26,False,63,0.6438
43,USDCAD,2011-06-01,2011-08-26,False,63,-0.5205
43,USDCHF,2011-06-01,2011-08-26,False,63,-1.342
43,EURGBP,2011-06-01,2011-08-26,False,63,-1.481
43,EURJPY,2011-06-01,2011-08-26,False,63,1.0275
44,EURUSD,2011-06-30,2011-09-26,False,63,0.404
44,GBPUSD,2011-06-30,2011-09-26,False,63,-3.2541
44,USDJPY,2011-06-30,2011-09-26,False,63,-3.0768
44,AUDUSD,2011-06-30,2011-09-26,False,63,3.5955
44,USDCAD,2011-06-30,2011-09-26,False,63,-1.0446
44,USDCHF,2011-06-30,2011-09-26,False,63,1.022
44,EURGBP,2011-06-30,2011-09-26,False,63,-0.0599
44,EURJPY,2011-06-30,2011-09-26,False,63,-1.8626
45,EURUSD,2011-07-29,2011-10-25,False,63,-0.3624
45,GBPUSD,2011-07-29,2011-10-25,False,63,-0.7063
45,USDJPY,2011-07-29,2011-10-25,False,63,-1.2008
45,AUDUSD,2011-07-29,2011-10-25,False,63,1.5375
45,USDCAD,2011-07-29,2011-10-25,False,63,-1.893
45,USDCHF,2011-07-29,2011-10-25,False,63,1.965
45,EURGBP,2011-07-29,2011-10-25,False,63,-1.04
45,EURJPY,2011-07-29,2011-10-25,False,63,0.6002
46,EURUSD,2011-08-29,2011-11-23,False,63,-0.9666
46,GBPUSD,2011-08-29,2011-11-23,False,63,-2.7844
46,USDJPY,2011-08-29,2011-11-23,False,63,0.439
46,AUDUSD,2011-08-29,2011-11-23,False,63,1.3414
46,USDCAD,2011-08-29,2011-11-23,False,63,-1.0743
46,USDCHF,2011-08-29,2011-11-23,False,63,1.5292
46,EURGBP,2011-08-29,2011-11-23,False,63,0.5908
46,EURJPY,2011-08-29,2011-11-23,False,63,-0.4322
47,EURUSD,2011-09-27,2011-12-22,False,63,0.252
47,GBPUSD,2011-09-27,2011-12-22,False,63,-1.3602
47,USDJPY,2011-09-27,2011-12-22,False,63,0.4123
47,AUDUSD,2011-09-27,2011-12-22,False,63,-3.1796
47,USDCAD,2011-09-27,2011-12-22,False,63,0.0
47,USDCHF,2011-09-27,2011-12-22,False,63,-1.0661
47,EURGBP,2011-09-27,2011-12-22,False,63,-0.2213
47,EURJPY,2011-09-27,2011-12-22,False,63,-0.8335
48,EURUSD,2011-10-26,2012-01-20,False,63,0.5906
48,GBPUSD,2011-10-26,2012-01-20,False,63,-1.6878
48,USDJPY,2011-10-26,2012-01-20,False,63,1.2757
48,AUDUSD,2011-10-26,2012-01-20,False,63,0.0
48,USDCAD,2011-10-26,2012-01-20,False,63,0.0
48,USDCHF,2011-10-26,2012-01-20,False,63,-1.7849
48,EURGBP,2011-10-26,2012-01-20,False,63,1.1277
48,EURJPY,2011-10-26,2012-01-20,False,63,-2.9263
49,EURUSD,2011-11-24,2012-02-20,False,63,2.8944
49,GBPUSD,2011-11-24,2012-02-20,False,63,0.4111
49,USDJPY,2011-11-24,2012-02-20,False,63,-2.5447
49,AUDUSD,2011-11-24,2012-02-20,False,63,-1.1981
49,USDCAD,2011-11-24,2012-02-20,False,63,0.0
49,USDCHF,2011-11-24,2012-02-20,False,63,0.3585
49,EURGBP,2011-11-24,2012-02-20,False,63,-0.7074
49,EURJPY,2011-11-24,2012-02-20,False,63,-3.0592
50,EURUSD,2011-12-23,2012-03-20,False,63,2.1999
50,GBPUSD,2011-12-23,2012-03-20,False,63,-0.2582
50,USDJPY,2011-12-23,2012-03-20,False,63,1.3245
50,AUDUSD,2011-12-23,2012-03-20,False,63,-1.1981
50,USDCAD,2011-12-23,2012-03-20,False,63,0.0
50,USDCHF,2011-12-23,2012-03-20,False,63,1.0784
50,EURGBP,2011-12-23,2012-03-20,False,63,-0.7074
50,EURJPY,2011-12-23,2012-03-20,False,63,-4.082
51,EURUSD,2012-01-23,2012-04-18,False,63,1.1749
51,GBPUSD,2012-01-23,2012-04-18,False,63,-0.3399
51,USDJPY,2012-01-23,2012-04-18,False,63,2.1292
51,AUDUSD,2012-01-23,2012-04-18,False,63,-2.2927
51,USDCAD,2012-01-23,2012-04-18,False,63,0.3745
51,USDCHF,2012-01-23,2012-04-18,False,63,0.9684
51,EURGBP,2012-01-23,2012-04-18,False,63,-3.4904
51,EURJPY,2012-01-23,2012-04-18,False,63,-3.3085
52,EURUSD,2012-02-21,2012-05-17,False,63,-0.1121
52,GBPUSD,2012-02-21,2012-05-17,False,63,0.689
52,USDJPY,2012-02-21,2012-05-17,False,63,4.3249
52,AUDUSD,2012-02-21,2012-05-17,False,63,-4.649
52,USDCAD,2012-02-21,2012-05-17,False,63,0.3745
52,USDCHF,2012-02-21,2012-05-17,False,63,-0.1841
52,EURGBP,2012-02-21,2012-05-17,False,63,-3.6874
52,EURJPY,2012-02-21,2012-05-17,False,63,0.0349
53,EURUSD,2012-03-21,2012-06-15,False,63,-2.0
53,GBPUSD,2012-03-21,2012-06-15,False,63,0.8501
53,USDJPY,2012-03-21,2012-06-15,False,63,2.5144
53,AUDUSD,2012-03-21,2012-06-15,False,63,-1.9426
53,USDCAD,2012-03-21,2012-06-15,False,63,0.3745
53,USDCHF,2012-03-21,2012-06-15,False,63,-0.4086
53,EURGBP,2012-03-21,2012-06-15,False,63,-2.4254
53,EURJPY,2012-03-21,2012-06-15,False,63,2.6694
54,EURUSD,2012-04-19,2012-07-16,False,63,0.0
54,GBPUSD,2012-04-19,2012-07-16,False,63,1.4442
54,USDJPY,2012-04-19,2012-07-16,False,63,0.0
54,AUDUSD,2012-04-19,2012-07-16,False,63,-0.3986
54,USDCAD,2012-04-19,2012-07-16,False,63,0.0
54,USDCHF,2012-04-19,2012-07-16,False,63,0.0
54,EURGBP,2012-04-19,2012-07-16,False,63,-2.6749
54,EURJPY,2012-04-19,2012-07-16,False,63,3.3651
55,EURUSD,2012-05-18,2012-08-14,False,63,0.0
55,GBPUSD,2012-05-18,2012-08-14,False,63,0.4064
55,USDJPY,2012-05-18,2012-08-14,False,63,0.0
55,AUDUSD,2012-05-18,2012-08-14,False,63,2.1975
55,USDCAD,2012-05-18,2012-08-14,False,63,0.0
55,USDCHF,2012-05-18,2012-08-14,False,63,0.0
55,EURGBP,2012-05-18,2012-08-14,False,63,-1.3372
55,EURJPY,2012-05-18,2012-08-14,False,63,1.2117
56,EURUSD,2012-06-18,2012-09-12,False,63,0.0
56,GBPUSD,2012-06-18,2012-09-12,False,63,-1.4556
56,USDJPY,2012-06-18,2012-09-12,False,63,-1.602
56,AUDUSD,2012-06-18,2012-09-12,False,63,1.4401
56,USDCAD,2012-06-18,2012-09-12,False,63,0.0
56,USDCHF,2012-06-18,2012-09-12,False,63,0.0
56,EURGBP,2012-06-18,2012-09-12,False,63,-0.2589
56,EURJPY,2012-06-18,2012-09-12,False,63,-0.3498
57,EURUSD,2012-07-17,2012-10-11,False,63,0.0
57,GBPUSD,2012-07-17,2012-10-11,False,63,-2.3067
57,USDJPY,2012-07-17,2012-10-11,False,63,-0.3991
57,AUDUSD,2012-07-17,2012-10-11,False,63,1.5675
57,USDCAD,2012-07-17,2012-10-11,False,63,-0.98
57,USDCHF,2012-07-17,2012-10-11,False,63,-0.3719
57,EURGBP,2012-07-17,2012-10-11,False,63,0.3413
57,EURJPY,2012-07-17,2012-10-11,False,63,-1.9248
58,EURUSD,2012-08-15,2012-11-09,False,63,0.0
58,GBPUSD,2012-08-15,2012-11-09,False,63,-3.5266
58,USDJPY,2012-08-15,2012-11-09,False,63,0.7088
58,AUDUSD,2012-08-15,2012-11-09,False,63,-0.7949
58,USDCAD,2012-08-15,2012-11-09,False,63,-0.98
58,USDCHF,2012-08-15,2012-11-09,False,63,1.1047
58,EURGBP,2012-08-15,2012-11-09,False,63,0.8886
58,EURJPY,2012-08-15,2012-11-09,False,63,-3.6505
59,EURUSD,2012-09-13,2012-12-10,False,63,0.0
59,GBPUSD,2012-09-13,2012-12-10,False,63,-0.3454
59,USDJPY,2012-09-13,2012-12-10,False,63,3.3857
59,AUDUSD,2012-09-13,2012-12-10,False,63,-0.8507
59,USDCAD,2012-09-13,2012-12-10,False,63,-0.98
59,USDCHF,2012-09-13,2012-12-10,False,63,-0.3211
59,EURGBP,2012-09-13,2012-12-10,False,63,-1.2276
59,EURJPY,2012-09-13,2012-12-10,False,63,0.0
60,EURUSD,2012-10-12,2013-01-09,False,63,0.0
60,GBPUSD,2012-10-12,2013-01-09,False,63,0.0
60,USDJPY,2012-10-12,2013-01-09,False,63,4.5532
60,AUDUSD,2012-10-12,2013-01-09,False,63,-2.0499
60,USDCAD,2012-10-12,2013-01-09,False,63,0.0
60,USDCHF,2012-10-12,2013-01-09,False,63,-1.9582
60,EURGBP,2012-10-12,2013-01-09,False,63,-1.0056
60,EURJPY,2012-10-12,2013-01-09,False,63,2.5942
61,EURUSD,2012-11-12,2013-02-07,False,63,-2.6887
61,GBPUSD,2012-11-12,2013-02-07,False,63,-0.2096
61,USDJPY,2012-11-12,2013-02-07,False,63,3.8371
61,AUDUSD,2012-11-12,2013-02-07,False,63,-1.0695
61,USDCAD,2012-11-12,2013-02-07,False,63,3.3931
61,USDCHF,2012-11-12,2013-02-07,False,63,-2.2635
61,EURGBP,2012-11-12,2013-02-07,False,63,-4.2188
61,EURJPY,2012-11-12,2013-02-07,False,63,3.9418
62,EURUSD,2012-12-11,2013-03-08,False,63,-0.9155
62,GBPUSD,2012-12-11,2013-03-08,False,63,-0.4982
62,USDJPY,2012-12-11,2013-03-08,False,63,0.5411
62,AUDUSD,2012-12-11,2013-03-08,False,63,-0.2324
62,USDCAD,2012-12-11,2013-03-08,False,63,4.4748
62,USDCHF,2012-12-11,2013-03-08,False,63,-1.3197
62,EURGBP,2012-12-11,2013-03-08,False,63,-3.7676
62,EURJPY,2012-12-11,2013-03-08,False,63,2.7183
63,EURUSD,2013-01-10,2013-04-08,False,63,-0.6754
63,GBPUSD,2013-01-10,2013-04-08,False,63,1.8716
63,USDJPY,2013-01-10,2013-04-08,False,63,-1.1642
63,AUDUSD,2013-01-10,2013-04-08,False,63,3.4828
63,USDCAD,2013-01-10,2013-04-08,False,63,4.2013
63,USDCHF,2013-01-10,2013-04-08,False,63,0.4416
63,EURGBP,2013-01-10,2013-04-08,False,63,-3.528
63,EURJPY,2013-01-10,2013-04-08,False,63,1.6864
64,EURUSD,2013-02-08,2013-05-07,False,63,-0.3499
64,GBPUSD,2013-02-08,2013-05-07,False,63,2.9907
64,USDJPY,2013-02-08,2013-05-07,False,63,-1.6661
64,AUDUSD,2013-02-08,2013-05-07,False,63,1.0139
64,USDCAD,2013-02-08,2013-05-07,False,63,3.0602
64,USDCHF,2013-02-08,2013-05-07,False,63,-0.1461
64,EURGBP,2013-02-08,2013-05-07,False,63,-1.4803
64,EURJPY,2013-02-08,2013-05-07,False,63,-0.9271
65,EURUSD,2013-03-11,2013-06-05,False,63,-2.5202
65,GBPUSD,2013-03-11,2013-06-05,False,63,2.3448
65,USDJPY,2013-03-11,2013-06-05,False,63,0.3491
65,AUDUSD,2013-03-11,2013-06-05,False,63,0.9515
65,USDCAD,2013-03-11,2013-06-05,False,63,0.5199
65,USDCHF,2013-03-11,2013-06-05,False,63,-3.9599
65,EURGBP,2013-03-11,2013-06-05,False,63,-1.4313
65,EURJPY,2013-03-11,2013-06-05,False,63,-1.2267
66,EURUSD,2013-04-09,2013-07-04,False,63,-4.5558
66,GBPUSD,2013-04-09,2013-07-04,False,63,1.7399
66,USDJPY,2013-04-09,2013-07-04,False,63,0.1814
66,AUDUSD,2013-04-09,2013-07-04,False,63,-0.9264
66,USDCAD,2013-04-09,2013-07-04,False,63,0.2622
66,USDCHF,2013-04-09,2013-07-04,False,63,-3.8308
66,EURGBP,2013-04-09,2013-07-04,False,63,-0.658
66,EURJPY,2013-04-09,2013-07-04,False,63,-0.7892
67,EURUSD,2013-05-08,2013-08-02,False,63,-2.8813
67,GBPUSD,2013-05-08,2013-08-02,False,63,0.2031
67,USDJPY,2013-05-08,2013-08-02,False,63,0.465
67,AUDUSD,2013-05-08,2013-08-02,False,63,0.0
67,USDCAD,2013-05-08,2013-08-02,False,63,-0.689
67,USDCHF,2013-05-08,2013-08-02,False,63,-4.066
67,EURGBP,2013-05-08,2013-08-02,False,63,0.6348
67,EURJPY,2013-05-08,2013-08-02,False,63,0.0533
68,EURUSD,2013-06-06,2013-09-02,False,63,-1.3544
68,GBPUSD,2013-06-06,2013-09-02,False,63,0.059
68,USDJPY,2013-06-06,2013-09-02,False,63,-1.8823
68,AUDUSD,2013-06-06,2013-09-02,False,63,0.0
68,USDCAD,2013-06-06,2013-09-02,False,63,-1.3028
68,USDCHF,2013-06-06,2013-09-02,False,63,-0.7383
68,EURGBP,2013-06-06,2013-09-02,False,63,-1.7766
68,EURJPY,2013-06-06,2013-09-02,False,63,0.6833
69,EURUSD,2013-07-05,2013-10-01,False,63,2.4175
69,GBPUSD,2013-07-05,2013-10-01,False,63,-1.3828
69,USDJPY,2013-07-05,2013-10-01,False,63,0.7802
69,AUDUSD,2013-07-05,2013-10-01,False,63,0.0
69,USDCAD,2013-07-05,2013-10-01,False,63,0.5224
69,USDCHF,2013-07-05,2013-10-01,False,63,-2.0
69,EURGBP,2013-07-05,2013-10-01,False,63,-2.9677
69,EURJPY,2013-07-05,2013-10-01,False,63,1.2554
70,EURUSD,2013-08-05,2013-10-30,False,63,2.7279
70,GBPUSD,2013-08-05,2013-10-30,False,63,-1.1616
70,USDJPY,2013-08-05,2013-10-30,False,63,0.1605
70,AUDUSD,2013-08-05,2013-10-30,False,63,-1.3271
70,USDCAD,2013-08-05,2013-10-30,False,63,0.5912
70,USDCHF,2013-08-05,2013-10-30,False,63,-2.1765
70,EURGBP,2013-08-05,2013-10-30,False,63,-1.2766
70,EURJPY,2013-08-05,2013-10-30,False,63,-0.0419
71,EURUSD,2013-09-03,2013-11-28,False,63,0.8167
71,GBPUSD,2013-09-03,2013-11-28,False,63,-1.6982
71,USDJPY,2013-09-03,2013-11-28,False,63,0.3835
71,AUDUSD,2013-09-03,2013-11-28,False,63,-3.5547
71,USDCAD,2013-09-03,2013-11-28,False,63,1.0895
71,USDCHF,2013-09-03,2013-11-28,False,63,0.5142
71,EURGBP,2013-09-03,2013-11-28,False,63,-0.7824
71,EURJPY,2013-09-03,2013-11-28,False,63,0.1937
72,EURUSD,2013-10-02,2013-12-27,False,63,-1.7902
72,GBPUSD,2013-10-02,2013-12-27,False,63,-0.8469
72,USDJPY,2013-10-02,2013-12-27,False,63,-0.0985
72,AUDUSD,2013-10-02,2013-12-27,False,63,-3.6665
72,USDCAD,2013-10-02,2013-12-27,False,63,-1.3047
72,USDCHF,2013-10-02,2013-12-27,False,63,-0.3224
72,EURGBP,2013-10-02,2013-12-27,False,63,0.3672
72,EURJPY,2013-10-02,2013-12-27,False,63,0.0663
73,EURUSD,2013-10-31,2014-01-28,False,63,-3.9845
73,GBPUSD,2013-10-31,2014-01-28,False,63,-0.708
73,USDJPY,2013-10-31,2014-01-28,False,63,0.7779
73,AUDUSD,2013-10-31,2014-01-28,False,63,-2.4595
73,USDCAD,2013-10-31,2014-01-28,False,63,1.834
73,USDCHF,2013-10-31,2014-01-28,False,63,-0.0121
73,EURGBP,2013-10-31,2014-01-28,False,63,-0.2257
73,EURJPY,2013-10-31,2014-01-28,False,63,0.2264
74,EURUSD,2013-11-29,2014-02-26,False,63,-1.8864
74,GBPUSD,2013-11-29,2014-02-26,False,63,0.0178
74,USDJPY,2013-11-29,2014-02-26,False,63,1.1561
74,AUDUSD,2013-11-29,2014-02-26,False,63,0.8165
74,USDCAD,2013-11-29,2014-02-26,False,63,2.2832
74,USDCHF,2013-11-29,2014-02-26,False,63,-1.9284
74,EURGBP,2013-11-29,2014-02-26,False,63,-0.0613
74,EURJPY,2013-11-29,2014-02-26,False,63,-0.2982
75,EURUSD,2013-12-30,2014-03-27,False,63,-0.393
75,GBPUSD,2013-12-30,2014-03-27,False,63,-0.4688
75,USDJPY,2013-12-30,2014-03-27,False,63,0.0
75,AUDUSD,2013-12-30,2014-03-27,False,63,3.2213
75,USDCAD,2013-12-30,2014-03-27,False,63,1.6995
75,USDCHF,2013-12-30,2014-03-27,False,63,0.7576
75,EURGBP,2013-12-30,2014-03-27,False,63,0.1408
75,EURJPY,2013-12-30,2014-03-27,False,63,0.0728
76,EURUSD,2014-01-29,2014-04-25,False,63,-0.8616
76,GBPUSD,2014-01-29,2014-04-25,False,63,-1.1514
76,USDJPY,2014-01-29,2014-04-25,False,63,0.0
76,AUDUSD,2014-01-29,2014-04-25,False,63,3.5558
76,USDCAD,2014-01-29,2014-04-25,False,63,-1.489
76,USDCHF,2014-01-29,2014-04-25,False,63,2.2356
76,EURGBP,2014-01-29,2014-04-25,False,63,-1.178
76,EURJPY,2014-01-29,2014-04-25,False,63,0.1102
77,EURUSD,2014-02-27,2014-05-26,False,63,-1.6951
77,GBPUSD,2014-02-27,2014-05-26,False,63,0.7911
77,USDJPY,2014-02-27,2014-05-26,False,63,1.0412
77,AUDUSD,2014-02-27,2014-05-26,False,63,1.9877
77,USDCAD,2014-02-27,2014-05-26,False,63,-1.5814
77,USDCHF,2014-02-27,2014-05-26,False,63,3.2379
77,EURGBP,2014-02-27,2014-05-26,False,63,3.8607
77,EURJPY,2014-02-27,2014-05-26,False,63,0.4455
78,EURUSD,2014-03-28,2014-06-24,False,63,-1.5509
78,GBPUSD,2014-03-28,2014-06-24,False,63,0.7911
78,USDJPY,2014-03-28,2014-06-24,False,63,0.1696
78,AUDUSD,2014-03-28,2014-06-24,False,63,0.673
78,USDCAD,2014-03-28,2014-06-24,False,63,-2.6851
78,USDCHF,2014-03-28,2014-06-24,False,63,2.3904
78,EURGBP,2014-03-28,2014-06-24,False,63,2.82
78,EURJPY,2014-03-28,2014-06-24,False,63,0.0059
79,EURUSD,2014-04-28,2014-07-23,False,63,-1.1865
79,GBPUSD,2014-04-28,2014-07-23,False,63,1.6675
79,USDJPY,2014-04-28,2014-07-23,False,63,-0.0653
79,AUDUSD,2014-04-28,2014-07-23,False,63,0.0055
79,USDCAD,2014-04-28,2014-07-23,False,63,-2.3543
79,USDCHF,2014-04-28,2014-07-23,False,63,-0.5833
79,EURGBP,2014-04-28,2014-07-23,False,63,3.9096
79,EURJPY,2014-04-28,2014-07-23,False,63,1.7677
80,EURUSD,2014-05-27,2014-08-21,False,63,-0.7917
80,GBPUSD,2014-05-27,2014-08-21,False,63,1.78
80,USDJPY,2014-05-27,2014-08-21,False,63,0.4728
80,AUDUSD,2014-05-27,2014-08-21,False,63,2.5053
80,USDCAD,2014-05-27,2014-08-21,False,63,-3.6612
80,USDCHF,2014-05-27,2014-08-21,False,63,-1.4089
80,EURGBP,2014-05-27,2014-08-21,False,63,1.9896
80,EURJPY,2014-05-27,2014-08-21,False,63,2.3867
81,EURUSD,2014-06-25,2014-09-19,False,63,-2.1863
81,GBPUSD,2014-06-25,2014-09-19,False,63,1.6866
81,USDJPY,2014-06-25,2014-09-19,False,63,-2.9873
81,AUDUSD,2014-06-25,2014-09-19,False,63,1.5459
81,USDCAD,2014-06-25,2014-09-19,False,63,-1.8461
81,USDCHF,2014-06-25,2014-09-19,False,63,-2.1007
81,EURGBP,2014-06-25,2014-09-19,False,63,0.4041
81,EURJPY,2014-06-25,2014-09-19,False,63,0.442
82,EURUSD,2014-07-24,2014-10-20,False,63,-1.4944
82,GBPUSD,2014-07-24,2014-10-20,False,63,-1.4572
82,USDJPY,2014-07-24,2014-10-20,False,63,-1.8816
82,AUDUSD,2014-07-24,2014-10-20,False,63,1.6383
82,USDCAD,2014-07-24,2014-10-20,False,63,-1.5669
82,USDCHF,2014-07-24,2014-10-20,False,63,-1.8497
82,EURGBP,2014-07-24,2014-10-20,False,63,0.0112
82,EURJPY,2014-07-24,2014-10-20,False,63,-1.322
83,EURUSD,2014-08-22,2014-11-18,False,63,-1.186
83,GBPUSD,2014-08-22,2014-11-18,False,63,-1.5417
83,USDJPY,2014-08-22,2014-11-18,False,63,-4.9495
83,AUDUSD,2014-08-22,2014-11-18,False,63,1.2831
83,USDCAD,2014-08-22,2014-11-18,False,63,-0.3957
83,USDCHF,2014-08-22,2014-11-18,False,63,-1.3531
83,EURGBP,2014-08-22,2014-11-18,False,63,-1.6715
83,EURJPY,2014-08-22,2014-11-18,False,63,2.2861
84,EURUSD,2014-09-22,2014-12-17,False,63,-1.7607
84,GBPUSD,2014-09-22,2014-12-17,False,63,-0.9559
84,USDJPY,2014-09-22,2014-12-17,False,63,-3.4631
84,AUDUSD,2014-09-22,2014-12-17,False,63,3.7136
84,USDCAD,2014-09-22,2014-12-17,False,63,-2.0347
84,USDCHF,2014-09-22,2014-12-17,False,63,-1.0779
84,EURGBP,2014-09-22,2014-12-17,False,63,-0.9401
84,EURJPY,2014-09-22,2014-12-17,False,63,2.8988
85,EURUSD,2014-10-21,2015-01-16,False,63,2.7767
85,GBPUSD,2014-10-21,2015-01-16,False,63,1.6563
85,USDJPY,2014-10-21,2015-01-16,False,63,-5.7686
85,AUDUSD,2014-10-21,2015-01-16,False,63,2.9517
85,USDCAD,2014-10-21,2015-01-16,False,63,-2.7174
85,USDCHF,2014-10-21,2015-01-16,False,63,-1.8111
85,EURGBP,2014-10-21,2015-01-16,False,63,-2.3132
85,EURJPY,2014-10-21,2015-01-16,False,63,-0.276
86,EURUSD,2014-11-19,2015-02-16,False,63,2.1607
86,GBPUSD,2014-11-19,2015-02-16,False,63,1.8432
86,USDJPY,2014-11-19,2015-02-16,False,63,-2.9136
86,AUDUSD,2014-11-19,2015-02-16,False,63,3.5238
86,USDCAD,2014-11-19,2015-02-16,False,63,-1.3068
86,USDCHF,2014-11-19,2015-02-16,False,63,-0.7255
86,EURGBP,2014-11-19,2015-02-16,False,63,-2.2612
86,EURJPY,2014-11-19,2015-02-16,False,63,-4.4369
87,EURUSD,2014-12-18,2015-03-17,False,63,4.8624
87,GBPUSD,2014-12-18,2015-03-17,False,63,2.2705
87,USDJPY,2014-12-18,2015-03-17,False,63,-1.2923
87,AUDUSD,2014-12-18,2015-03-17,False,63,1.4669
87,USDCAD,2014-12-18,2015-03-17,False,63,0.9901
87,USDCHF,2014-12-18,2015-03-17,False,63,0.174
87,EURGBP,2014-12-18,2015-03-17,False,63,-3.3005
87,EURJPY,2014-12-18,2015-03-17,False,63,-5.096
88,EURUSD,2015-01-19,2015-04-15,False,63,3.7369
88,GBPUSD,2015-01-19,2015-04-15,False,63,-0.4944
88,USDJPY,2015-01-19,2015-04-15,False,63,-0.0582
88,AUDUSD,2015-01-19,2015-04-15,False,63,2.1415
88,USDCAD,2015-01-19,2015-04-15,False,63,2.0471
88,USDCHF,2015-01-19,2015-04-15,False,63,3.2181
88,EURGBP,2015-01-19,2015-04-15,False,63,-3.4206
88,EURJPY,2015-01-19,2015-04-15,False,63,-0.9977
89,EURUSD,2015-02-17,2015-05-14,False,63,4.3313
89,GBPUSD,2015-02-17,2015-05-14,False,63,-2.4955
89,USDJPY,2015-02-17,2015-05-14,False,63,-2.7345
89,AUDUSD,2015-02-17,2015-05-14,False,63,1.3979
89,USDCAD,2015-02-17,2015-05-14,False,63,-1.8744
89,USDCHF,2015-02-17,2015-05-14,False,63,0.0853
89,EURGBP,2015-02-17,2015-05-14,False,63,-1.7264
89,EURJPY,2015-02-17,2015-05-14,False,63,-2.807
90,EURUSD,2015-03-18,2015-06-12,False,63,2.0
90,GBPUSD,2015-03-18,2015-06-12,False,63,-0.6111
90,USDJPY,2015-03-18,2015-06-12,False,63,-1.4442
90,AUDUSD,2015-03-18,2015-06-12,False,63,0.9192
90,USDCAD,2015-03-18,2015-06-12,False,63,-2.9056
90,USDCHF,2015-03-18,2015-06-12,False,63,-1.8532
90,EURGBP,2015-03-18,2015-06-12,False,63,-0.5516
90,EURJPY,2015-03-18,2015-06-12,False,63,-2.807
91,EURUSD,2015-04-16,2015-07-13,False,63,-1.9555
91,GBPUSD,2015-04-16,2015-07-13,False,63,-0.4027
91,USDJPY,2015-04-16,2015-07-13,False,63,-0.2315
91,AUDUSD,2015-04-16,2015-07-13,False,63,2.2261
91,USDCAD,2015-04-16,2015-07-13,False,63,-3.0774
91,USDCHF,2015-04-16,2015-07-13,False,63,-1.0281
91,EURGBP,2015-04-16,2015-07-13,False,63,-0.3533
91,EURJPY,2015-04-16,2015-07-13,False,63,-2.4482
92,EURUSD,2015-05-15,2015-08-11,False,63,-0.1624
92,GBPUSD,2015-05-15,2015-08-11,False,63,1.8129
92,USDJPY,2015-05-15,2015-08-11,False,63,1.1803
92,AUDUSD,2015-05-15,2015-08-11,False,63,2.1849
92,USDCAD,2015-05-15,2015-08-11,False,63,-2.9235
92,USDCHF,2015-05-15,2015-08-11,False,63,-1.7023
92,EURGBP,2015-05-15,2015-08-11,False,63,-1.5902
92,EURJPY,2015-05-15,2015-08-11,False,63,0.1873
93,EURUSD,2015-06-15,2015-09-09,False,63,2.2004
93,GBPUSD,2015-06-15,2015-09-09,False,63,0.6221
93,USDJPY,2015-06-15,2015-09-09,False,63,1.0693
93,AUDUSD,2015-06-15,2015-09-09,False,63,0.6568
93,USDCAD,2015-06-15,2015-09-09,False,63,-1.8856
93,USDCHF,2015-06-15,2015-09-09,False,63,-1.4367
93,EURGBP,2015-06-15,2015-09-09,False,63,-3.6188
93,EURJPY,2015-06-15,2015-09-09,False,63,1.0879
94,EURUSD,2015-07-14,2015-10-08,False,63,3.2767
94,GBPUSD,2015-07-14,2015-10-08,False,63,1.3143
94,USDJPY,2015-07-14,2015-10-08,False,63,0.9848
94,AUDUSD,2015-07-14,2015-10-08,False,63,0.9388
94,USDCAD,2015-07-14,2015-10-08,False,63,-2.0553
94,USDCHF,2015-07-14,2015-10-08,False,63,-1.0769
94,EURGBP,2015-07-14,2015-10-08,False,63,-2.8794
94,EURJPY,2015-07-14,2015-10-08,False,63,0.7484
95,EURUSD,2015-08-12,2015-11-06,False,63,2.7243
95,GBPUSD,2015-08-12,2015-11-06,False,63,1.429
95,USDJPY,2015-08-12,2015-11-06,False,63,0.6801
95,AUDUSD,2015-08-12,2015-11-06,False,63,-0.434
95,USDCAD,2015-08-12,2015-11-06,False,63,-0.4461
95,USDCHF,2015-08-12,2015-11-06,False,63,0.7483
95,EURGBP,2015-08-12,2015-11-06,False,63,-0.5383
95,EURJPY,2015-08-12,2015-11-06,False,63,1.99
96,EURUSD,2015-09-10,2015-12-07,False,63,2.0
96,GBPUSD,2015-09-10,2015-12-07,False,63,0.0
96,USDJPY,2015-09-10,2015-12-07,False,63,2.2153
96,AUDUSD,2015-09-10,2015-12-07,False,63,1.3093
96,USDCAD,2015-09-10,2015-12-07,False,63,0.633
96,USDCHF,2015-09-10,2015-12-07,False,63,0.0
96,EURGBP,2015-09-10,2015-12-07,False,63,0.4881
96,EURJPY,2015-09-10,2015-12-07,False,63,0.5108
97,EURUSD,2015-10-09,2016-01-06,False,63,0.3532
97,GBPUSD,2015-10-09,2016-01-06,False,63,4.2821
97,USDJPY,2015-10-09,2016-01-06,False,63,1.2759
97,AUDUSD,2015-10-09,2016-01-06,False,63,-0.9622
97,USDCAD,2015-10-09,2016-01-06,False,63,3.9017
97,USDCHF,2015-10-09,2016-01-06,False,63,3.4428
97,EURGBP,2015-10-09,2016-01-06,False,63,0.8902
97,EURJPY,2015-10-09,2016-01-06,False,63,1.2259
98,EURUSD,2015-11-09,2016-02-04,False,63,1.6361
98,GBPUSD,2015-11-09,2016-02-04,False,63,5.3983
98,USDJPY,2015-11-09,2016-02-04,False,63,1.6503
98,AUDUSD,2015-11-09,2016-02-04,False,63,-0.4163
98,USDCAD,2015-11-09,2016-02-04,False,63,5.9559
98,USDCHF,2015-11-09,2016-02-04,False,63,-1.7847
98,EURGBP,2015-11-09,2016-02-04,False,63,-0.6838
98,EURJPY,2015-11-09,2016-02-04,False,63,-0.6978
99,EURUSD,2015-12-08,2016-03-04,False,63,0.9913
99,GBPUSD,2015-12-08,2016-03-04,False,63,4.0099
99,USDJPY,2015-12-08,2016-03-04,False,63,0.599
99,AUDUSD,2015-12-08,2016-03-04,False,63,0.1956
99,USDCAD,2015-12-08,2016-03-04,False,63,5.0645
99,USDCHF,2015-12-08,2016-03-04,False,63,-2.9775
99,EURGBP,2015-12-08,2016-03-04,False,63,0.6962
99,EURJPY,2015-12-08,2016-03-04,False,63,0.2943
100,EURUSD,2016-01-07,2016-04-04,False,63,1.127
100,GBPUSD,2016-01-07,2016-04-04,False,63,1.702
100,USDJPY,2016-01-07,2016-04-04,False,63,1.5917
100,AUDUSD,2016-01-07,2016-04-04,False,63,2.0062
100,USDCAD,2016-01-07,2016-04-04,False,63,3.4697
100,USDCHF,2016-01-07,2016-04-04,False,63,-4.0935
100,EURGBP,2016-01-07,2016-04-04,False,63,-1.1127
100,EURJPY,2016-01-07,2016-04-04,False,63,-0.1003
101,EURUSD,2016-02-05,2016-05-03,False,63,-0.1559
101,GBPUSD,2016-02-05,2016-05-03,False,63,-1.5074
101,USDJPY,2016-02-05,2016-05-03,False,63,0.6136
101,AUDUSD,2016-02-05,2016-05-03,False,63,3.4603
101,USDCAD,2016-02-05,2016-05-03,False,63,3.219
101,USDCHF,2016-02-05,2016-05-03,False,63,-1.9367
101,EURGBP,2016-02-05,2016-05-03,False,63,-1.4716
101,EURJPY,2016-02-05,2016-05-03,False,63,1.208
102,EURUSD,2016-03-07,2016-06-01,False,63,0.5911
102,GBPUSD,2016-03-07,2016-06-01,False,63,-1.32
102,USDJPY,2016-03-07,2016-06-01,False,63,1.8401
102,AUDUSD,2016-03-07,2016-06-01,False,63,2.7568
102,USDCAD,2016-03-07,2016-06-01,False,63,0.837
102,USDCHF,2016-03-07,2016-06-01,False,63,2.3202
102,EURGBP,2016-03-07,2016-06-01,False,63,-2.1974
102,EURJPY,2016-03-07,2016-06-01,False,63,0.8203
103,EURUSD,2016-04-05,2016-06-30,False,63,1.3874
103,GBPUSD,2016-04-05,2016-06-30,False,63,-1.653
103,USDJPY,2016-04-05,2016-06-30,False,63,0.1128
103,AUDUSD,2016-04-05,2016-06-30,False,63,0.7131
103,USDCAD,2016-04-05,2016-06-30,False,63,0.319
103,USDCHF,2016-04-05,2016-06-30,False,63,0.8901
103,EURGBP,2016-04-05,2016-06-30,False,63,0.2257
103,EURJPY,2016-04-05,2016-06-30,False,63,-1.8227
104,EURUSD,2016-05-04,2016-07-29,False,63,1.3507
104,GBPUSD,2016-05-04,2016-07-29,False,63,2.3049
104,USDJPY,2016-05-04,2016-07-29,False,63,0.7346
104,AUDUSD,2016-05-04,2016-07-29,False,63,-0.5071
104,USDCAD,2016-05-04,2016-07-29,False,63,-2.2963
104,USDCHF,2016-05-04,2016-07-29,False,63,-0.0305
104,EURGBP,2016-05-04,2016-07-29,False,63,0.7617
104,EURJPY,2016-05-04,2016-07-29,False,63,-2.0132
105,EURUSD,2016-06-02,2016-08-29,False,63,1.0781
105,GBPUSD,2016-06-02,2016-08-29,False,63,3.7701
105,USDJPY,2016-06-02,2016-08-29,False,63,1.5284
105,AUDUSD,2016-06-02,2016-08-29,False,63,-1.4719
105,USDCAD,2016-06-02,2016-08-29,False,63,-0.6746
105,USDCHF,2016-06-02,2016-08-29,False,63,-3.0104
105,EURGBP,2016-06-02,2016-08-29,False,63,0.9833
105,EURJPY,2016-06-02,2016-08-29,False,63,-2.1179
106,EURUSD,2016-07-01,2016-09-27,False,63,0.4536
106,GBPUSD,2016-07-01,2016-09-27,False,63,2.2193
106,USDJPY,2016-07-01,2016-09-27,False,63,1.2851
106,AUDUSD,2016-07-01,2016-09-27,False,63,-1.0315
106,USDCAD,2016-07-01,2016-09-27,False,63,-1.0389
106,USDCHF,2016-07-01,2016-09-27,False,63,-3.2132
106,EURGBP,2016-07-01,2016-09-27,False,63,0.6534
106,EURJPY,2016-07-01,2016-09-27,False,63,-0.7732
107,EURUSD,2016-08-01,2016-10-26,False,63,-0.3429
107,GBPUSD,2016-08-01,2016-10-26,False,63,2.3058
107,USDJPY,2016-08-01,2016-10-26,False,63,2.8596
107,AUDUSD,2016-08-01,2016-10-26,False,63,0.2722
107,USDCAD,2016-08-01,2016-10-26,False,63,-0.5433
107,USDCHF,2016-08-01,2016-10-26,False,63,-1.9907
107,EURGBP,2016-08-01,2016-10-26,False,63,0.0885
107,EURJPY,2016-08-01,2016-10-26,False,63,0.646
108,EURUSD,2016-08-30,2016-11-24,False,63,2.1511
108,GBPUSD,2016-08-30,2016-11-24,False,63,-0.3269
108,USDJPY,2016-08-30,2016-11-24,False,63,6.2709
108,AUDUSD,2016-08-30,2016-11-24,False,63,2.1769
108,USDCAD,2016-08-30,2016-11-24,False,63,-0.801
108,USDCHF,2016-08-30,2016-11-24,False,63,-4.7047
108,EURGBP,2016-08-30,2016-11-24,False,63,0.3532
108,EURJPY,2016-08-30,2016-11-24,False,63,2.9333
109,EURUSD,2016-09-28,2016-12-23,False,63,1.3286
109,GBPUSD,2016-09-28,2016-12-23,False,63,1.4365
109,USDJPY,2016-09-28,2016-12-23,False,63,5.6619
109,AUDUSD,2016-09-28,2016-12-23,False,63,2.153
109,USDCAD,2016-09-28,2016-12-23,False,63,-0.6354
109,USDCHF,2016-09-28,2016-12-23,False,63,-4.725
109,EURGBP,2016-09-28,2016-12-23,False,63,1.5695
109,EURJPY,2016-09-28,2016-12-23,False,63,3.8844
110,EURUSD,2016-10-27,2017-01-23,False,63,1.607
110,GBPUSD,2016-10-27,2017-01-23,False,63,1.9144
110,USDJPY,2016-10-27,2017-01-23,False,63,4.8587
110,AUDUSD,2016-10-27,2017-01-23,False,63,2.5849
110,USDCAD,2016-10-27,2017-01-23,False,63,2.2979
110,USDCHF,2016-10-27,2017-01-23,False,63,-2.254
110,EURGBP,2016-10-27,2017-01-23,False,63,1.431
110,EURJPY,2016-10-27,2017-01-23,False,63,3.1053
111,EURUSD,2016-11-25,2017-02-21,False,63,-0.2683
111,GBPUSD,2016-11-25,2017-02-21,False,63,4.3216
111,USDJPY,2016-11-25,2017-02-21,False,63,0.5695
111,AUDUSD,2016-11-25,2017-02-21,False,63,-1.2881
111,USDCAD,2016-11-25,2017-02-21,False,63,1.7339
111,USDCHF,2016-11-25,2017-02-21,False,63,-0.4336
111,EURGBP,2016-11-25,2017-02-21,False,63,0.2934
111,EURJPY,2016-11-25,2017-02-21,False,63,0.5494
112,EURUSD,2016-12-26,2017-03-22,False,63,-0.6539
112,GBPUSD,2016-12-26,2017-03-22,False,63,0.1931
112,USDJPY,2016-12-26,2017-03-22,False,63,2.3675
112,AUDUSD,2016-12-26,2017-03-22,False,63,-0.4461
112,USDCAD,2016-12-26,2017-03-22,False,63,0.9008
112,USDCHF,2016-12-26,2017-03-22,False,63,1.0904
112,EURGBP,2016-12-26,2017-03-22,False,63,0.5455
112,EURJPY,2016-12-26,2017-03-22,False,63,-1.1278
113,EURUSD,2017-01-24,2017-04-20,False,63,0.077
113,GBPUSD,2017-01-24,2017-04-20,False,63,1.0492
113,USDJPY,2017-01-24,2017-04-20,False,63,1.7008
113,AUDUSD,2017-01-24,2017-04-20,False,63,-1.1923
113,USDCAD,2017-01-24,2017-04-20,False,63,-1.6986
113,USDCHF,2017-01-24,2017-04-20,False,63,-0.4338
113,EURGBP,2017-01-24,2017-04-20,False,63,0.4675
113,EURJPY,2017-01-24,2017-04-20,False,63,-0.9423
114,EURUSD,2017-02-22,2017-05-19,False,63,0.9541
114,GBPUSD,2017-02-22,2017-05-19,False,63,0.7618
114,USDJPY,2017-02-22,2017-05-19,False,63,0.9886
114,AUDUSD,2017-02-22,2017-05-19,False,63,-2.0804
114,USDCAD,2017-02-22,2017-05-19,False,63,-2.8141
114,USDCHF,2017-02-22,2017-05-19,False,63,-0.5267
114,EURGBP,2017-02-22,2017-05-19,False,63,3.0495
114,EURJPY,2017-02-22,2017-05-19,False,63,-0.891
115,EURUSD,2017-03-23,2017-06-19,False,63,1.9155
115,GBPUSD,2017-03-23,2017-06-19,False,63,0.378
115,USDJPY,2017-03-23,2017-06-19,False,63,-0.1162
115,AUDUSD,2017-03-23,2017-06-19,False,63,-2.2115
115,USDCAD,2017-03-23,2017-06-19,False,63,-2.2953
115,USDCHF,2017-03-23,2017-06-19,False,63,-1.3773
115,EURGBP,2017-03-23,2017-06-19,False,63,0.0707
115,EURJPY,2017-03-23,2017-06-19,False,63,0.0698
116,EURUSD,2017-04-21,2017-07-18,False,63,-1.8473
116,GBPUSD,2017-04-21,2017-07-18,False,63,-0.348
116,USDJPY,2017-04-21,2017-07-18,False,63,-0.8102
116,AUDUSD,2017-04-21,2017-07-18,False,63,-0.0425
116,USDCAD,2017-04-21,2017-07-18,False,63,-3.5898
116,USDCHF,2017-04-21,2017-07-18,False,63,-1.5589
116,EURGBP,2017-04-21,2017-07-18,False,63,0.3117
116,EURJPY,2017-04-21,2017-07-18,False,63,-2.3195
117,EURUSD,2017-05-22,2017-08-16,False,63,-3.5773
117,GBPUSD,2017-05-22,2017-08-16,False,63,-0.3203
117,USDJPY,2017-05-22,2017-08-16,False,63,0.21
117,AUDUSD,2017-05-22,2017-08-16,False,63,1.5613
117,USDCAD,2017-05-22,2017-08-16,False,63,-2.5733
117,USDCHF,2017-05-22,2017-08-16,False,63,-1.3864
117,EURGBP,2017-05-22,2017-08-16,False,63,-0.2744
117,EURJPY,2017-05-22,2017-08-16,False,63,-1.5705
118,EURUSD,2017-06-20,2017-09-14,False,63,-3.8433
118,GBPUSD,2017-06-20,2017-09-14,False,63,-0.6112
118,USDJPY,2017-06-20,2017-09-14,False,63,1.5097
118,AUDUSD,2017-06-20,2017-09-14,False,63,0.9213
118,USDCAD,2017-06-20,2017-09-14,False,63,-4.3113
118,USDCHF,2017-06-20,2017-09-14,False,63,-0.6273
118,EURGBP,2017-06-20,2017-09-14,False,63,1.8636
118,EURJPY,2017-06-20,2017-09-14,False,63,-1.6667
119,EURUSD,2017-07-19,2017-10-13,False,63,-0.9862
119,GBPUSD,2017-07-19,2017-10-13,False,63,-3.5189
119,USDJPY,2017-07-19,2017-10-13,False,63,1.5476
119,AUDUSD,2017-07-19,2017-10-13,False,63,-0.1986
119,USDCAD,2017-07-19,2017-10-13,False,63,-2.0317
119,USDCHF,2017-07-19,2017-10-13,False,63,-0.8557
119,EURGBP,2017-07-19,2017-10-13,False,63,2.3248
119,EURJPY,2017-07-19,2017-10-13,False,63,0.4798
120,EURUSD,2017-08-17,2017-11-13,False,63,1.2919
120,GBPUSD,2017-08-17,2017-11-13,False,63,-2.7744
120,USDJPY,2017-08-17,2017-11-13,False,63,2.7237
120,AUDUSD,2017-08-17,2017-11-13,False,63,1.8213
120,USDCAD,2017-08-17,2017-11-13,False,63,-0.7909
120,USDCHF,2017-08-17,2017-11-13,False,63,-0.4431
120,EURGBP,2017-08-17,2017-11-13,False,63,2.036
120,EURJPY,2017-08-17,2017-11-13,False,63,0.6596
121,EURUSD,2017-09-15,2017-12-12,False,63,-0.7093
121,GBPUSD,2017-09-15,2017-12-12,False,63,-0.7628
121,USDJPY,2017-09-15,2017-12-12,False,63,3.4642
121,AUDUSD,2017-09-15,2017-12-12,False,63,2.6046
121,USDCAD,2017-09-15,2017-12-12,False,63,1.2311
121,USDCHF,2017-09-15,2017-12-12,False,63,-0.6852
121,EURGBP,2017-09-15,2017-12-12,False,63,2.3201
121,EURJPY,2017-09-15,2017-12-12,False,63,-2.1033
122,EURUSD,2017-10-16,2018-01-11,False,63,-2.2705
122,GBPUSD,2017-10-16,2018-01-11,False,63,1.2146
122,USDJPY,2017-10-16,2018-01-11,False,63,3.4001
122,AUDUSD,2017-10-16,2018-01-11,False,63,0.5252
122,USDCAD,2017-10-16,2018-01-11,False,63,1.79
122,USDCHF,2017-10-16,2018-01-11,False,63,0.058
122,EURGBP,2017-10-16,2018-01-11,False,63,2.338
122,EURJPY,2017-10-16,2018-01-11,False,63,-1.5286
123,EURUSD,2017-11-14,2018-02-09,False,63,-2.1931
123,GBPUSD,2017-11-14,2018-02-09,False,63,2.8745
123,USDJPY,2017-11-14,2018-02-09,False,63,-1.275
123,AUDUSD,2017-11-14,2018-02-09,False,63,-3.4016
123,USDCAD,2017-11-14,2018-02-09,False,63,0.4589
123,USDCHF,2017-11-14,2018-02-09,False,63,0.881
123,EURGBP,2017-11-14,2018-02-09,False,63,2.0951
123,EURJPY,2017-11-14,2018-02-09,False,63,-0.0894
124,EURUSD,2017-12-13,2018-03-12,False,63,-1.5124
124,GBPUSD,2017-12-13,2018-03-12,False,63,2.3006
124,USDJPY,2017-12-13,2018-03-12,False,63,-3.3076
124,AUDUSD,2017-12-13,2018-03-12,False,63,-1.5372
124,USDCAD,2017-12-13,2018-03-12,False,63,0.6401
124,USDCHF,2017-12-13,2018-03-12,False,63,2.6961
124,EURGBP,2017-12-13,2018-03-12,False,63,0.723
124,EURJPY,2017-12-13,2018-03-12,False,63,2.0
125,EURUSD,2018-01-12,2018-04-10,False,63,-1.5635
125,GBPUSD,2018-01-12,2018-04-10,False,63,-0.6218
125,USDJPY,2018-01-12,2018-04-10,False,63,-2.1949
125,AUDUSD,2018-01-12,2018-04-10,False,63,1.4059
125,USDCAD,2018-01-12,2018-04-10,False,63,-1.0794
125,USDCHF,2018-01-12,2018-04-10,False,63,2.4624
125,EURGBP,2018-01-12,2018-04-10,False,63,0.2078
125,EURJPY,2018-01-12,2018-04-10,False,63,2.0
126,EURUSD,2018-02-12,2018-05-09,False,63,-1.6879
126,GBPUSD,2018-02-12,2018-05-09,False,63,1.9562
126,USDJPY,2018-02-12,2018-05-09,False,63,0.2456
126,AUDUSD,2018-02-12,2018-05-09,False,63,2.9193
126,USDCAD,2018-02-12,2018-05-09,False,63,-2.2243
126,USDCHF,2018-02-12,2018-05-09,False,63,2.262
126,EURGBP,2018-02-12,2018-05-09,False,63,2.4754
126,EURJPY,2018-02-12,2018-05-09,False,63,0.0
127,EURUSD,2018-03-13,2018-06-07,False,63,-2.5677
127,GBPUSD,2018-03-13,2018-06-07,False,63,2.2553
127,USDJPY,2018-03-13,2018-06-07,False,63,1.6968
127,AUDUSD,2018-03-13,2018-06-07,False,63,-1.0049
127,USDCAD,2018-03-13,2018-06-07,False,63,-2.4253
127,USDCHF,2018-03-13,2018-06-07,False,63,0.0418
127,EURGBP,2018-03-13,2018-06-07,False,63,1.746
127,EURJPY,2018-03-13,2018-06-07,False,63,0.8542
128,EURUSD,2018-04-11,2018-07-06,False,63,-2.5677
128,GBPUSD,2018-04-11,2018-07-06,False,63,4.8388
128,USDJPY,2018-04-11,2018-07-06,False,63,2.3971
128,AUDUSD,2018-04-11,2018-07-06,False,63,-0.512
128,USDCAD,2018-04-11,2018-07-06,False,63,-2.3196
128,USDCHF,2018-04-11,2018-07-06,False,63,0.0174
128,EURGBP,2018-04-11,2018-07-06,False,63,1.3393
128,EURJPY,2018-04-11,2018-07-06,False,63,0.4937
129,EURUSD,2018-05-10,2018-08-06,False,63,-0.9134
129,GBPUSD,2018-05-10,2018-08-06,False,63,2.5179
129,USDJPY,2018-05-10,2018-08-06,False,63,1.6283
129,AUDUSD,2018-05-10,2018-08-06,False,63,-1.8578
129,USDCAD,2018-05-10,2018-08-06,False,63,-1.0421
129,USDCHF,2018-05-10,2018-08-06,False,63,0.3101
129,EURGBP,2018-05-10,2018-08-06,False,63,-0.7518
129,EURJPY,2018-05-10,2018-08-06,False,63,0.844
130,EURUSD,2018-06-08,2018-09-04,False,63,1.4335
130,GBPUSD,2018-06-08,2018-09-04,False,63,2.9708
130,USDJPY,2018-06-08,2018-09-04,False,63,2.5759
130,AUDUSD,2018-06-08,2018-09-04,False,63,1.5525
130,USDCAD,2018-06-08,2018-09-04,False,63,-0.5957
130,USDCHF,2018-06-08,2018-09-04,False,63,-0.5478
130,EURGBP,2018-06-08,2018-09-04,False,63,-2.3445
130,EURJPY,2018-06-08,2018-09-04,False,63,0.3171
131,EURUSD,2018-07-09,2018-10-03,False,63,-0.2548
131,GBPUSD,2018-07-09,2018-10-03,False,63,1.2106
131,USDJPY,2018-07-09,2018-10-03,False,63,3.38
131,AUDUSD,2018-07-09,2018-10-03,False,63,0.5273
131,USDCAD,2018-07-09,2018-10-03,False,63,-1.2518
131,USDCHF,2018-07-09,2018-10-03,False,63,-3.7333
131,EURGBP,2018-07-09,2018-10-03,False,63,-2.4779
131,EURJPY,2018-07-09,2018-10-03,False,63,0.2061
132,EURUSD,2018-08-07,2018-11-01,False,63,0.1543
132,GBPUSD,2018-08-07,2018-11-01,False,63,1.5381
132,USDJPY,2018-08-07,2018-11-01,False,63,1.2912
132,AUDUSD,2018-08-07,2018-11-01,False,63,-0.263
132,USDCAD,2018-08-07,2018-11-01,False,63,-0.4893
132,USDCHF,2018-08-07,2018-11-01,False,63,-3.9971
132,EURGBP,2018-08-07,2018-11-01,False,63,-2.3934
132,EURJPY,2018-08-07,2018-11-01,False,63,0.327
133,EURUSD,2018-09-05,2018-11-30,False,63,-0.8216
133,GBPUSD,2018-09-05,2018-11-30,False,63,-0.1271
133,USDJPY,2018-09-05,2018-11-30,False,63,0.814
133,AUDUSD,2018-09-05,2018-11-30,False,63,-1.5279
133,USDCAD,2018-09-05,2018-11-30,False,63,-0.9634
133,USDCHF,2018-09-05,2018-11-30,False,63,-1.4279
133,EURGBP,2018-09-05,2018-11-30,False,63,0.332
133,EURJPY,2018-09-05,2018-11-30,False,63,0.376
134,EURUSD,2018-10-04,2018-12-31,False,63,0.3442
134,GBPUSD,2018-10-04,2018-12-31,False,63,-0.1527
134,USDJPY,2018-10-04,2018-12-31,False,63,1.4977
134,AUDUSD,2018-10-04,2018-12-31,False,63,-1.391
134,USDCAD,2018-10-04,2018-12-31,False,63,-1.7834
134,USDCHF,2018-10-04,2018-12-31,False,63,1.2382
134,EURGBP,2018-10-04,2018-12-31,False,63,1.2488
134,EURJPY,2018-10-04,2018-12-31,False,63,1.3302
135,EURUSD,2018-11-02,2019-01-30,False,63,-0.3074
135,GBPUSD,2018-11-02,2019-01-30,False,63,1.0061
135,USDJPY,2018-11-02,2019-01-30,False,63,2.6039
135,AUDUSD,2018-11-02,2019-01-30,False,63,-1.4322
135,USDCAD,2018-11-02,2019-01-30,False,63,-3.6943
135,USDCHF,2018-11-02,2019-01-30,False,63,1.1381
135,EURGBP,2018-11-02,2019-01-30,False,63,1.7702
135,EURJPY,2018-11-02,2019-01-30,False,63,0.5554
136,EURUSD,2018-12-03,2019-02-28,False,63,0.4297
136,GBPUSD,2018-12-03,2019-02-28,False,63,1.8517
136,USDJPY,2018-12-03,2019-02-28,False,63,0.699
136,AUDUSD,2018-12-03,2019-02-28,False,63,0.0
136,USDCAD,2018-12-03,2019-02-28,False,63,-2.6331
136,USDCHF,2018-12-03,2019-02-28,False,63,1.0567
136,EURGBP,2018-12-03,2019-02-28,False,63,1.5418
136,EURJPY,2018-12-03,2019-02-28,False,63,0.7777
137,EURUSD,2019-01-02,2019-03-29,False,63,1.3538
137,GBPUSD,2019-01-02,2019-03-29,False,63,1.1356
137,USDJPY,2019-01-02,2019-03-29,False,63,-0.7517
137,AUDUSD,2019-01-02,2019-03-29,False,63,0.0
137,USDCAD,2019-01-02,2019-03-29,False,63,-0.6467
137,USDCHF,2019-01-02,2019-03-29,False,63,1.2701
137,EURGBP,2019-01-02,2019-03-29,False,63,2.5172
137,EURJPY,2019-01-02,2019-03-29,False,63,3.1409
138,EURUSD,2019-01-31,2019-04-29,False,63,2.215
138,GBPUSD,2019-01-31,2019-04-29,False,63,-1.0528
138,USDJPY,2019-01-31,2019-04-29,False,63,-1.2198
138,AUDUSD,2019-01-31,2019-04-29,False,63,-0.8335
138,USDCAD,2019-01-31,2019-04-29,False,63,0.5857
138,USDCHF,2019-01-31,2019-04-29,False,63,3.5929
138,EURGBP,2019-01-31,2019-04-29,False,63,2.0
138,EURJPY,2019-01-31,2019-04-29,False,63,2.8959
139,EURUSD,2019-03-01,2019-05-28,False,63,1.5172
139,GBPUSD,2019-03-01,2019-05-28,False,63,-1.1752
139,USDJPY,2019-03-01,2019-05-28,False,63,2.0347
139,AUDUSD,2019-03-01,2019-05-28,False,63,-0.8335
139,USDCAD,2019-03-01,2019-05-28,False,63,0.2676
139,USDCHF,2019-03-01,2019-05-28,False,63,0.3083
139,EURGBP,2019-03-01,2019-05-28,False,63,-5.9131
139,EURJPY,2019-03-01,2019-05-28,False,63,0.4437
140,EURUSD,2019-04-01,2019-06-26,False,63,0.4562
140,GBPUSD,2019-04-01,2019-06-26,False,63,0.7619
140,USDJPY,2019-04-01,2019-06-26,False,63,0.0746
140,AUDUSD,2019-04-01,2019-06-26,False,63,-1.309
140,USDCAD,2019-04-01,2019-06-26,False,63,1.4594
140,USDCHF,2019-04-01,2019-06-26,False,63,1.1483
140,EURGBP,2019-04-01,2019-06-26,False,63,-5.1896
140,EURJPY,2019-04-01,2019-06-26,False,63,0.1166
141,EURUSD,2019-04-30,2019-07-25,False,63,-0.2123
141,GBPUSD,2019-04-30,2019-07-25,False,63,0.8402
141,USDJPY,2019-04-30,2019-07-25,False,63,-0.9482
141,AUDUSD,2019-04-30,2019-07-25,False,63,-0.9041
141,USDCAD,2019-04-30,2019-07-25,False,63,2.4849
141,USDCHF,2019-04-30,2019-07-25,False,63,0.2997
141,EURGBP,2019-04-30,2019-07-25,False,63,-4.4128
141,EURJPY,2019-04-30,2019-07-25,False,63,-1.6239
142,EURUSD,2019-05-29,2019-08-23,False,63,1.122
142,GBPUSD,2019-05-29,2019-08-23,False,63,1.4641
142,USDJPY,2019-05-29,2019-08-23,False,63,-0.3611
142,AUDUSD,2019-05-29,2019-08-23,False,63,-0.6712
142,USDCAD,2019-05-29,2019-08-23,False,63,1.5273
142,USDCHF,2019-05-29,2019-08-23,False,63,2.2292
142,EURGBP,2019-05-29,2019-08-23,False,63,0.3285
142,EURJPY,2019-05-29,2019-08-23,False,63,-1.8649
143,EURUSD,2019-06-27,2019-09-23,False,63,0.9634
143,GBPUSD,2019-06-27,2019-09-23,False,63,2.3613
143,USDJPY,2019-06-27,2019-09-23,False,63,2.496
143,AUDUSD,2019-06-27,2019-09-23,False,63,0.6396
143,USDCAD,2019-06-27,2019-09-23,False,63,-1.8604
143,USDCHF,2019-06-27,2019-09-23,False,63,2.0172
143,EURGBP,2019-06-27,2019-09-23,False,63,0.5771
143,EURJPY,2019-06-27,2019-09-23,False,63,-3.8047
144,EURUSD,2019-07-26,2019-10-22,False,63,-0.2102
144,GBPUSD,2019-07-26,2019-10-22,False,63,1.89
144,USDJPY,2019-07-26,2019-10-22,False,63,2.1019
144,AUDUSD,2019-07-26,2019-10-22,False,63,2.0176
144,USDCAD,2019-07-26,2019-10-22,False,63,-1.7378
144,USDCHF,2019-07-26,2019-10-22,False,63,1.9183
144,EURGBP,2019-07-26,2019-10-22,False,63,0.4538
144,EURJPY,2019-07-26,2019-10-22,False,63,-1.5537
145,EURUSD,2019-08-26,2019-11-20,False,63,-1.4865
145,GBPUSD,2019-08-26,2019-11-20,False,63,1.0241
145,USDJPY,2019-08-26,2019-11-20,False,63,0.8842
145,AUDUSD,2019-08-26,2019-11-20,False,63,2.2322
145,USDCAD,2019-08-26,2019-11-20,False,63,1.3607
145,USDCHF,2019-08-26,2019-11-20,False,63,0.8367
145,EURGBP,2019-08-26,2019-11-20,False,63,-0.8375
145,EURJPY,2019-08-26,2019-11-20,False,63,0.4388
146,EURUSD,2019-09-24,2019-12-19,False,63,-1.3448
146,GBPUSD,2019-09-24,2019-12-19,False,63,-1.2951
146,USDJPY,2019-09-24,2019-12-19,False,63,-2.5667
146,AUDUSD,2019-09-24,2019-12-19,False,63,2.051
146,USDCAD,2019-09-24,2019-12-19,False,63,0.2843
146,USDCHF,2019-09-24,2019-12-19,False,63,-0.3821
146,EURGBP,2019-09-24,2019-12-19,False,63,-0.113
146,EURJPY,2019-09-24,2019-12-19,False,63,1.2988
147,EURUSD,2019-10-23,2020-01-20,False,63,-0.8348
147,GBPUSD,2019-10-23,2020-01-20,False,63,-1.3678
147,USDJPY,2019-10-23,2020-01-20,False,63,-2.2028
147,AUDUSD,2019-10-23,2020-01-20,False,63,1.4242
147,USDCAD,2019-10-23,2020-01-20,False,63,0.6329
147,USDCHF,2019-10-23,2020-01-20,False,63,-0.4393
147,EURGBP,2019-10-23,2020-01-20,False,63,-0.8003
147,EURJPY,2019-10-23,2020-01-20,False,63,-1.599
148,EURUSD,2019-11-21,2020-02-18,False,63,-4.1446
148,GBPUSD,2019-11-21,2020-02-18,False,63,-2.2809
148,USDJPY,2019-11-21,2020-02-18,False,63,-1.2135
148,AUDUSD,2019-11-21,2020-02-18,False,63,3.0491
148,USDCAD,2019-11-21,2020-02-18,False,63,-0.0307
148,USDCHF,2019-11-21,2020-02-18,False,63,-1.0698
148,EURGBP,2019-11-21,2020-02-18,False,63,2.0906
148,EURJPY,2019-11-21,2020-02-18,False,63,0.1141
149,EURUSD,2019-12-20,2020-03-18,False,63,-4.0715
149,GBPUSD,2019-12-20,2020-03-18,False,63,0.791
149,USDJPY,2019-12-20,2020-03-18,False,63,0.7529
149,AUDUSD,2019-12-20,2020-03-18,False,63,1.6604
149,USDCAD,2019-12-20,2020-03-18,False,63,1.8937
149,USDCHF,2019-12-20,2020-03-18,False,63,1.0305
149,EURGBP,2019-12-20,2020-03-18,False,63,-4.5172
149,EURJPY,2019-12-20,2020-03-18,False,63,1.5594
150,EURUSD,2020-01-21,2020-04-16,False,63,-2.8549
150,GBPUSD,2020-01-21,2020-04-16,False,63,-2.9214
150,USDJPY,2020-01-21,2020-04-16,False,63,0.1627
150,AUDUSD,2020-01-21,2020-04-16,False,63,1.2498
150,USDCAD,2020-01-21,2020-04-16,False,63,1.0537
150,USDCHF,2020-01-21,2020-04-16,False,63,-0.9884
150,EURGBP,2020-01-21,2020-04-16,False,63,-0.8889
150,EURJPY,2020-01-21,2020-04-16,False,63,1.2798
151,EURUSD,2020-02-19,2020-05-15,False,63,-1.7196
151,GBPUSD,2020-02-19,2020-05-15,False,63,-1.3177
151,USDJPY,2020-02-19,2020-05-15,False,63,0.0705
151,AUDUSD,2020-02-19,2020-05-15,False,63,-0.3686
151,USDCAD,2020-02-19,2020-05-15,False,63,-0.1572
151,USDCHF,2020-02-19,2020-05-15,False,63,-0.9258
151,EURGBP,2020-02-19,2020-05-15,False,63,-2.5298
151,EURJPY,2020-02-19,2020-05-15,False,63,0.0263
152,EURUSD,2020-03-19,2020-06-15,False,63,1.592
152,GBPUSD,2020-03-19,2020-06-15,False,63,-3.0852
152,USDJPY,2020-03-19,2020-06-15,False,63,-2.0
152,AUDUSD,2020-03-19,2020-06-15,False,63,0.0
152,USDCAD,2020-03-19,2020-06-15,False,63,0.0
152,USDCHF,2020-03-19,2020-06-15,False,63,-2.0
152,EURGBP,2020-03-19,2020-06-15,False,63,1.5181
152,EURJPY,2020-03-19,2020-06-15,False,63,1.3269
153,EURUSD,2020-04-17,2020-07-14,False,63,1.9764
153,GBPUSD,2020-04-17,2020-07-14,False,63,-0.6023
153,USDJPY,2020-04-17,2020-07-14,False,63,1.6602
153,AUDUSD,2020-04-17,2020-07-14,False,63,0.0
153,USDCAD,2020-04-17,2020-07-14,False,63,-2.634
153,USDCHF,2020-04-17,2020-07-14,False,63,0.0
153,EURGBP,2020-04-17,2020-07-14,False,63,-1.4842
153,EURJPY,2020-04-17,2020-07-14,False,63,2.12
154,EURUSD,2020-05-18,2020-08-12,False,63,0.0836
154,GBPUSD,2020-05-18,2020-08-12,False,63,-2.3842
154,USDJPY,2020-05-18,2020-08-12,False,63,-0.0102
154,AUDUSD,2020-05-18,2020-08-12,False,63,0.0
154,USDCAD,2020-05-18,2020-08-12,False,63,2.8479
154,USDCHF,2020-05-18,2020-08-12,False,63,-1.1922
154,EURGBP,2020-05-18,2020-08-12,False,63,-0.1683
154,EURJPY,2020-05-18,2020-08-12,False,63,3.8172
155,EURUSD,2020-06-16,2020-09-10,False,63,-3.3992
155,GBPUSD,2020-06-16,2020-09-10,False,63,-2.627
155,USDJPY,2020-06-16,2020-09-10,False,63,-0.7679
155,AUDUSD,2020-06-16,2020-09-10,False,63,0.0
155,USDCAD,2020-06-16,2020-09-10,False,63,3.4758
155,USDCHF,2020-06-16,2020-09-10,False,63,-0.9236
155,EURGBP,2020-06-16,2020-09-10,False,63,2.5476
155,EURJPY,2020-06-16,2020-09-10,False,63,1.5918
156,EURUSD,2020-07-15,2020-10-09,False,63,-3.2017
156,GBPUSD,2020-07-15,2020-10-09,False,63,-4.6633
156,USDJPY,2020-07-15,2020-10-09,False,63,-1.0085
156,AUDUSD,2020-07-15,2020-10-09,False,63,1.8421
156,USDCAD,2020-07-15,2020-10-09,False,63,4.1052
156,USDCHF,2020-07-15,2020-10-09,False,63,-0.9236
156,EURGBP,2020-07-15,2020-10-09,False,63,0.394
156,EURJPY,2020-07-15,2020-10-09,False,63,1.2924
157,EURUSD,2020-08-13,2020-11-09,False,63,-1.0693
157,GBPUSD,2020-08-13,2020-11-09,False,63,-4.1971
157,USDJPY,2020-08-13,2020-11-09,False,63,-1.7235
157,AUDUSD,2020-08-13,2020-11-09,False,63,2.0423
157,USDCAD,2020-08-13,2020-11-09,False,63,1.9691
157,USDCHF,2020-08-13,2020-11-09,False,63,-0.9418
157,EURGBP,2020-08-13,2020-11-09,False,63,-0.4145
157,EURJPY,2020-08-13,2020-11-09,False,63,1.3982
158,EURUSD,2020-09-11,2020-12-08,False,63,-1.1055
158,GBPUSD,2020-09-11,2020-12-08,False,63,-0.7523
158,USDJPY,2020-09-11,2020-12-08,False,63,0.0454
158,AUDUSD,2020-09-11,2020-12-08,False,63,0.7762
158,USDCAD,2020-09-11,2020-12-08,False,63,0.8554
158,USDCHF,2020-09-11,2020-12-08,False,63,0.6453
158,EURGBP,2020-09-11,2020-12-08,False,63,-1.7493
158,EURJPY,2020-09-11,2020-12-08,False,63,1.5778
159,EURUSD,2020-10-12,2021-01-07,False,63,-1.0529
159,GBPUSD,2020-10-12,2021-01-07,False,63,1.9827
159,USDJPY,2020-10-12,2021-01-07,False,63,-0.0333
159,AUDUSD,2020-10-12,2021-01-07,False,63,-2.4269
159,USDCAD,2020-10-12,2021-01-07,False,63,-0.3658
159,USDCHF,2020-10-12,2021-01-07,False,63,0.6265
159,EURGBP,2020-10-12,2021-01-07,False,63,-0.193
159,EURJPY,2020-10-12,2021-01-07,False,63,3.1368
160,EURUSD,2020-11-10,2021-02-05,False,63,-1.5605
160,GBPUSD,2020-11-10,2021-02-05,False,63,2.3963
160,USDJPY,2020-11-10,2021-02-05,False,63,-0.81
160,AUDUSD,2020-11-10,2021-02-05,False,63,-4.1946
160,USDCAD,2020-11-10,2021-02-05,False,63,0.0
160,USDCHF,2020-11-10,2021-02-05,False,63,0.3639
160,EURGBP,2020-11-10,2021-02-05,False,63,-1.15
160,EURJPY,2020-11-10,2021-02-05,False,63,-0.5643
161,EURUSD,2020-12-09,2021-03-08,False,63,2.6432
161,GBPUSD,2020-12-09,2021-03-08,False,63,2.5113
161,USDJPY,2020-12-09,2021-03-08,False,63,-2.1896
161,AUDUSD,2020-12-09,2021-03-08,False,63,-3.4648
161,USDCAD,2020-12-09,2021-03-08,False,63,1.4697
161,USDCHF,2020-12-09,2021-03-08,False,63,-1.9036
161,EURGBP,2020-12-09,2021-03-08,False,63,-1.9709
161,EURJPY,2020-12-09,2021-03-08,False,63,0.1629
162,EURUSD,2021-01-08,2021-04-06,False,63,2.0157
162,GBPUSD,2021-01-08,2021-04-06,False,63,4.5261
162,USDJPY,2021-01-08,2021-04-06,False,63,-3.2941
162,AUDUSD,2021-01-08,2021-04-06,False,63,-2.5998
162,USDCAD,2021-01-08,2021-04-06,False,63,0.9782
162,USDCHF,2021-01-08,2021-04-06,False,63,-2.1713
162,EURGBP,2021-01-08,2021-04-06,False,63,-3.3759
162,EURJPY,2021-01-08,2021-04-06,False,63,-1.0986
163,EURUSD,2021-02-08,2021-05-05,False,63,-0.3057
163,GBPUSD,2021-02-08,2021-05-05,False,63,3.9608
163,USDJPY,2021-02-08,2021-05-05,False,63,-2.4901
163,AUDUSD,2021-02-08,2021-05-05,False,63,-1.7505
163,USDCAD,2021-02-08,2021-05-05,False,63,-0.5772
163,USDCHF,2021-02-08,2021-05-05,False,63,-1.7273
163,EURGBP,2021-02-08,2021-05-05,False,63,0.3458
163,EURJPY,2021-02-08,2021-05-05,False,63,1.1568
164,EURUSD,2021-03-09,2021-06-03,False,63,-2.7278
164,GBPUSD,2021-03-09,2021-06-03,False,63,4.5212
164,USDJPY,2021-03-09,2021-06-03,False,63,-1.5036
164,AUDUSD,2021-03-09,2021-06-03,False,63,-0.4788
164,USDCAD,2021-03-09,2021-06-03,False,63,-1.1315
164,USDCHF,2021-03-09,2021-06-03,False,63,-1.7838
164,EURGBP,2021-03-09,2021-06-03,False,63,-0.0343
164,EURJPY,2021-03-09,2021-06-03,False,63,-1.0095
165,EURUSD,2021-04-07,2021-07-02,False,63,-4.0997
165,GBPUSD,2021-04-07,2021-07-02,False,63,3.8359
165,USDJPY,2021-04-07,2021-07-02,False,63,0.1289
165,AUDUSD,2021-04-07,2021-07-02,False,63,-2.0027
165,USDCAD,2021-04-07,2021-07-02,False,63,-4.6632
165,USDCHF,2021-04-07,2021-07-02,False,63,-2.4245
165,EURGBP,2021-04-07,2021-07-02,False,63,0.0065
165,EURJPY,2021-04-07,2021-07-02,False,63,-1.2278
166,EURUSD,2021-05-06,2021-08-02,False,63,-2.5024
166,GBPUSD,2021-05-06,2021-08-02,False,63,3.1491
166,USDJPY,2021-05-06,2021-08-02,False,63,0.5812
166,AUDUSD,2021-05-06,2021-08-02,False,63,-2.9273
166,USDCAD,2021-05-06,2021-08-02,False,63,-0.2041
166,USDCHF,2021-05-06,2021-08-02,False,63,-0.3691
166,EURGBP,2021-05-06,2021-08-02,False,63,-1.5537
166,EURJPY,2021-05-06,2021-08-02,False,63,-0.4167
167,EURUSD,2021-06-04,2021-08-31,False,63,-3.0742
167,GBPUSD,2021-06-04,2021-08-31,False,63,3.2054
167,USDJPY,2021-06-04,2021-08-31,False,63,0.8132
167,AUDUSD,2021-06-04,2021-08-31,False,63,-4.4314
167,USDCAD,2021-06-04,2021-08-31,False,63,-0.2837
167,USDCHF,2021-06-04,2021-08-31,False,63,1.1182
167,EURGBP,2021-06-04,2021-08-31,False,63,-1.0012
167,EURJPY,2021-06-04,2021-08-31,False,63,0.7369
168,EURUSD,2021-07-05,2021-09-29,False,63,-4.3305
168,GBPUSD,2021-07-05,2021-09-29,False,63,3.8394
168,USDJPY,2021-07-05,2021-09-29,False,63,-0.7195
168,AUDUSD,2021-07-05,2021-09-29,False,63,-0.7334
168,USDCAD,2021-07-05,2021-09-29,False,63,2.9819
168,USDCHF,2021-07-05,2021-09-29,False,63,1.2459
168,EURGBP,2021-07-05,2021-09-29,False,63,-1.9387
168,EURJPY,2021-07-05,2021-09-29,False,63,1.0788
169,EURUSD,2021-08-03,2021-10-28,False,63,-3.5525
169,GBPUSD,2021-08-03,2021-10-28,False,63,2.7521
169,USDJPY,2021-08-03,2021-10-28,False,63,-1.572
169,AUDUSD,2021-08-03,2021-10-28,False,63,-3.1733
169,USDCAD,2021-08-03,2021-10-28,False,63,-0.745
169,USDCHF,2021-08-03,2021-10-28,False,63,-1.2518
169,EURGBP,2021-08-03,2021-10-28,False,63,1.5035
169,EURJPY,2021-08-03,2021-10-28,False,63,-0.6789
170,EURUSD,2021-09-01,2021-11-26,False,63,-2.4657
170,GBPUSD,2021-09-01,2021-11-26,False,63,1.4859
170,USDJPY,2021-09-01,2021-11-26,False,63,-1.2335
170,AUDUSD,2021-09-01,2021-11-26,False,63,-3.1733
170,USDCAD,2021-09-01,2021-11-26,False,63,-3.9762
170,USDCHF,2021-09-01,2021-11-26,False,63,-0.4196
170,EURGBP,2021-09-01,2021-11-26,False,63,0.8086
170,EURJPY,2021-09-01,2021-11-26,False,63,-1.1536
171,EURUSD,2021-09-30,2021-12-27,False,63,-0.3703
171,GBPUSD,2021-09-30,2021-12-27,False,63,-3.4731
171,USDJPY,2021-09-30,2021-12-27,False,63,0.3193
171,AUDUSD,2021-09-30,2021-12-27,False,63,-3.0235
171,USDCAD,2021-09-30,2021-12-27,False,63,-2.1742
171,USDCHF,2021-09-30,2021-12-27,False,63,-0.951
171,EURGBP,2021-09-30,2021-12-27,False,63,1.3559
171,EURJPY,2021-09-30,2021-12-27,False,63,2.0
172,EURUSD,2021-10-29,2022-01-25,True,63,0.5106
172,GBPUSD,2021-10-29,2022-01-25,True,63,-2.0
172,USDJPY,2021-10-29,2022-01-25,True,63,0.5773
172,AUDUSD,2021-10-29,2022-01-25,True,63,-1.9661
172,USDCAD,2021-10-29,2022-01-25,True,63,0.0469
172,USDCHF,2021-10-29,2022-01-25,True,63,0.6108
172,EURGBP,2021-10-29,2022-01-25,True,63,0.0693
172,EURJPY,2021-10-29,2022-01-25,True,63,0.3247
173,EURUSD,2021-11-29,2022-02-23,True,63,0.3261
173,GBPUSD,2021-11-29,2022-02-23,True,63,-1.4581
173,USDJPY,2021-11-29,2022-02-23,True,63,2.0046
173,AUDUSD,2021-11-29,2022-02-23,True,63,-0.4113
173,USDCAD,2021-11-29,2022-02-23,True,63,3.2429
173,USDCHF,2021-11-29,2022-02-23,True,63,0.6597
173,EURGBP,2021-11-29,2022-02-23,True,63,-0.6194
173,EURJPY,2021-11-29,2022-02-23,True,63,0.8471
174,EURUSD,2021-12-28,2022-03-24,True,63,1.9213
174,GBPUSD,2021-12-28,2022-03-24,True,63,-3.5351
174,USDJPY,2021-12-28,2022-03-24,True,63,4.2856
174,AUDUSD,2021-12-28,2022-03-24,True,63,1.9302
174,USDCAD,2021-12-28,2022-03-24,True,63,3.6298
174,USDCHF,2021-12-28,2022-03-24,True,63,0.5827
174,EURGBP,2021-12-28,2022-03-24,True,63,-1.4789
174,EURJPY,2021-12-28,2022-03-24,True,63,-2.8603
175,EURUSD,2022-01-26,2022-04-22,True,63,1.4281
175,GBPUSD,2022-01-26,2022-04-22,True,63,-1.7385
175,USDJPY,2022-01-26,2022-04-22,True,63,3.8191
175,AUDUSD,2022-01-26,2022-04-22,True,63,1.3607
175,USDCAD,2022-01-26,2022-04-22,True,63,2.2812
175,USDCHF,2022-01-26,2022-04-22,True,63,-1.6466
175,EURGBP,2022-01-26,2022-04-22,True,63,-1.7669
175,EURJPY,2022-01-26,2022-04-22,True,63,-0.9363
176,EURUSD,2022-02-24,2022-05-23,True,63,2.0458
176,GBPUSD,2022-02-24,2022-05-23,True,63,-0.6257
176,USDJPY,2022-02-24,2022-05-23,True,63,1.4382
176,AUDUSD,2022-02-24,2022-05-23,True,63,0.0572
176,USDCAD,2022-02-24,2022-05-23,True,63,2.0279
176,USDCHF,2022-02-24,2022-05-23,True,63,-4.7814
176,EURGBP,2022-02-24,2022-05-23,True,63,-0.7311
176,EURJPY,2022-02-24,2022-05-23,True,63,-2.4115
177,EURUSD,2022-03-25,2022-06-21,True,63,3.0928
177,GBPUSD,2022-03-25,2022-06-21,True,63,3.2823
177,USDJPY,2022-03-25,2022-06-21,True,63,1.01
177,AUDUSD,2022-03-25,2022-06-21,True,63,-2.699
177,USDCAD,2022-03-25,2022-06-21,True,63,1.1006
177,USDCHF,2022-03-25,2022-06-21,True,63,-3.7394
177,EURGBP,2022-03-25,2022-06-21,True,63,-0.4827
177,EURJPY,2022-03-25,2022-06-21,True,63,-1.6485
178,EURUSD,2022-04-25,2022-07-20,True,63,0.7426
178,GBPUSD,2022-04-25,2022-07-20,True,63,2.2018
178,USDJPY,2022-04-25,2022-07-20,True,63,1.6953
178,AUDUSD,2022-04-25,2022-07-20,True,63,-0.6365
178,USDCAD,2022-04-25,2022-07-20,True,63,0.6687
178,USDCHF,2022-04-25,2022-07-20,True,63,-2.7149
178,EURGBP,2022-04-25,2022-07-20,True,63,-0.5358
178,EURJPY,2022-04-25,2022-07-20,True,63,-3.9249
179,EURUSD,2022-05-24,2022-08-18,True,63,0.2704
179,GBPUSD,2022-05-24,2022-08-18,True,63,1.0514
179,USDJPY,2022-05-24,2022-08-18,True,63,1.7453
179,AUDUSD,2022-05-24,2022-08-18,True,63,0.0189
179,USDCAD,2022-05-24,2022-08-18,True,63,0.8673
179,USDCHF,2022-05-24,2022-08-18,True,63,-0.6794
179,EURGBP,2022-05-24,2022-08-18,True,63,-0.0647
179,EURJPY,2022-05-24,2022-08-18,True,63,-2.4117
180,EURUSD,2022-06-22,2022-09-16,True,63,0.2803
180,GBPUSD,2022-06-22,2022-09-16,True,63,-1.7374
180,USDJPY,2022-06-22,2022-09-16,True,63,-1.958
180,AUDUSD,2022-06-22,2022-09-16,True,63,2.6258
180,USDCAD,2022-06-22,2022-09-16,True,63,1.398
180,USDCHF,2022-06-22,2022-09-16,True,63,-1.7327
180,EURGBP,2022-06-22,2022-09-16,True,63,3.4848
180,EURJPY,2022-06-22,2022-09-16,True,63,0.7242
181,EURUSD,2022-07-21,2022-10-17,True,63,1.4307
181,GBPUSD,2022-07-21,2022-10-17,True,63,-2.9713
181,USDJPY,2022-07-21,2022-10-17,True,63,-4.3997
181,AUDUSD,2022-07-21,2022-10-17,True,63,3.5846
181,USDCAD,2022-07-21,2022-10-17,True,63,0.662
181,USDCHF,2022-07-21,2022-10-17,True,63,-1.518
181,EURGBP,2022-07-21,2022-10-17,True,63,1.7069
181,EURJPY,2022-07-21,2022-10-17,True,63,1.6665
182,EURUSD,2022-08-19,2022-11-15,True,63,0.962
182,GBPUSD,2022-08-19,2022-11-15,True,63,0.1279
182,USDJPY,2022-08-19,2022-11-15,True,63,-0.7281
182,AUDUSD,2022-08-19,2022-11-15,True,63,3.2223
182,USDCAD,2022-08-19,2022-11-15,True,63,1.2242
182,USDCHF,2022-08-19,2022-11-15,True,63,-3.8105
182,EURGBP,2022-08-19,2022-11-15,True,63,1.8408
182,EURJPY,2022-08-19,2022-11-15,True,63,1.771
183,EURUSD,2022-09-19,2022-12-14,True,63,2.062
183,GBPUSD,2022-09-19,2022-12-14,True,63,0.1279
183,USDJPY,2022-09-19,2022-12-14,True,63,1.5849
183,AUDUSD,2022-09-19,2022-12-14,True,63,1.9237
183,USDCAD,2022-09-19,2022-12-14,True,63,0.8689
183,USDCHF,2022-09-19,2022-12-14,True,63,0.0
183,EURGBP,2022-09-19,2022-12-14,True,63,0.4929
183,EURJPY,2022-09-19,2022-12-14,True,63,-0.4044
184,EURUSD,2022-10-18,2023-01-12,True,63,2.2944
184,GBPUSD,2022-10-18,2023-01-12,True,63,-0.2844
184,USDJPY,2022-10-18,2023-01-12,True,63,3.0608
184,AUDUSD,2022-10-18,2023-01-12,True,63,-1.1191
184,USDCAD,2022-10-18,2023-01-12,True,63,1.4609
184,USDCHF,2022-10-18,2023-01-12,True,63,-2.702
184,EURGBP,2022-10-18,2023-01-12,True,63,0.8362
184,EURJPY,2022-10-18,2023-01-12,True,63,-0.5696
185,EURUSD,2022-11-16,2023-02-10,True,63,1.8544
185,GBPUSD,2022-11-16,2023-02-10,True,63,-2.5747
185,USDJPY,2022-11-16,2023-02-10,True,63,1.6979
185,AUDUSD,2022-11-16,2023-02-10,True,63,-0.7691
185,USDCAD,2022-11-16,2023-02-10,True,63,-1.1233
185,USDCHF,2022-11-16,2023-02-10,True,63,-2.702
185,EURGBP,2022-11-16,2023-02-10,True,63,-0.4981
185,EURJPY,2022-11-16,2023-02-10,True,63,-0.807
186,EURUSD,2022-12-15,2023-03-13,True,63,0.5743
186,GBPUSD,2022-12-15,2023-03-13,True,63,-2.5747
186,USDJPY,2022-12-15,2023-03-13,True,63,0.9901
186,AUDUSD,2022-12-15,2023-03-13,True,63,0.799
186,USDCAD,2022-12-15,2023-03-13,True,63,-1.1233
186,USDCHF,2022-12-15,2023-03-13,True,63,2.5349
186,EURGBP,2022-12-15,2023-03-13,True,63,-0.7173
186,EURJPY,2022-12-15,2023-03-13,True,63,-0.3299
187,EURUSD,2023-01-13,2023-04-11,False,63,0.2822
187,GBPUSD,2023-01-13,2023-04-11,False,63,0.0
187,USDJPY,2023-01-13,2023-04-11,False,63,-1.0684
187,AUDUSD,2023-01-13,2023-04-11,False,63,1.0649
187,USDCAD,2023-01-13,2023-04-11,False,63,-1.4706
187,USDCHF,2023-01-13,2023-04-11,False,63,1.4337
187,EURGBP,2023-01-13,2023-04-11,False,63,0.0276
187,EURJPY,2023-01-13,2023-04-11,False,63,1.2484
188,EURUSD,2023-02-13,2023-05-10,False,63,1.6367
188,GBPUSD,2023-02-13,2023-05-10,False,63,-2.1798
188,USDJPY,2023-02-13,2023-05-10,False,63,-3.2007
188,AUDUSD,2023-02-13,2023-05-10,False,63,1.6183
188,USDCAD,2023-02-13,2023-05-10,False,63,0.003
188,USDCHF,2023-02-13,2023-05-10,False,63,1.7871
188,EURGBP,2023-02-13,2023-05-10,False,63,0.1267
188,EURJPY,2023-02-13,2023-05-10,False,63,1.4734
189,EURUSD,2023-03-14,2023-06-08,False,63,1.7452
189,GBPUSD,2023-03-14,2023-06-08,False,63,-0.4303
189,USDJPY,2023-03-14,2023-06-08,False,63,-0.8167
189,AUDUSD,2023-03-14,2023-06-08,False,63,-0.4414
189,USDCAD,2023-03-14,2023-06-08,False,63,-0.0802
189,USDCHF,2023-03-14,2023-06-08,False,63,-0.587
189,EURGBP,2023-03-14,2023-06-08,False,63,1.0721
189,EURJPY,2023-03-14,2023-06-08,False,63,0.7104
190,EURUSD,2023-04-12,2023-07-07,False,63,-0.1737
190,GBPUSD,2023-04-12,2023-07-07,False,63,-1.1706
190,USDJPY,2023-04-12,2023-07-07,False,63,1.4394
190,AUDUSD,2023-04-12,2023-07-07,False,63,2.0
190,USDCAD,2023-04-12,2023-07-07,False,63,-0.488
190,USDCHF,2023-04-12,2023-07-07,False,63,-0.0756
190,EURGBP,2023-04-12,2023-07-07,False,63,0.8906
190,EURJPY,2023-04-12,2023-07-07,False,63,0.7362
191,EURUSD,2023-05-11,2023-08-07,False,63,-1.1641
191,GBPUSD,2023-05-11,2023-08-07,False,63,-0.2929
191,USDJPY,2023-05-11,2023-08-07,False,63,5.3712
191,AUDUSD,2023-05-11,2023-08-07,False,63,0.0
191,USDCAD,2023-05-11,2023-08-07,False,63,-0.0079
191,USDCHF,2023-05-11,2023-08-07,False,63,-0.936
191,EURGBP,2023-05-11,2023-08-07,False,63,0.6979
191,EURJPY,2023-05-11,2023-08-07,False,63,0.282
192,EURUSD,2023-06-09,2023-09-05,False,63,0.795
192,GBPUSD,2023-06-09,2023-09-05,False,63,-0.9756
192,USDJPY,2023-06-09,2023-09-05,False,63,6.1245
192,AUDUSD,2023-06-09,2023-09-05,False,63,-2.3805
192,USDCAD,2023-06-09,2023-09-05,False,63,0.8966
192,USDCHF,2023-06-09,2023-09-05,False,63,-0.2857
192,EURGBP,2023-06-09,2023-09-05,False,63,-0.0191
192,EURJPY,2023-06-09,2023-09-05,False,63,-0.2797
193,EURUSD,2023-07-10,2023-10-04,False,63,2.3684
193,GBPUSD,2023-07-10,2023-10-04,False,63,1.5694
193,USDJPY,2023-07-10,2023-10-04,False,63,2.8472
193,AUDUSD,2023-07-10,2023-10-04,False,63,-1.7101
193,USDCAD,2023-07-10,2023-10-04,False,63,1.1454
193,USDCHF,2023-07-10,2023-10-04,False,63,-2.0
193,EURGBP,2023-07-10,2023-10-04,False,63,0.6374
193,EURJPY,2023-07-10,2023-10-04,False,63,0.0277
194,EURUSD,2023-08-08,2023-11-02,False,63,3.1441
194,GBPUSD,2023-08-08,2023-11-02,False,63,-0.1405
194,USDJPY,2023-08-08,2023-11-02,False,63,3.2972
194,AUDUSD,2023-08-08,2023-11-02,False,63,-0.1701
194,USDCAD,2023-08-08,2023-11-02,False,63,0.7663
194,USDCHF,2023-08-08,2023-11-02,False,63,0.0
194,EURGBP,2023-08-08,2023-11-02,False,63,-0.1946
194,EURJPY,2023-08-08,2023-11-02,False,63,-1.8106
195,EURUSD,2023-09-06,2023-12-01,False,63,2.4727
195,GBPUSD,2023-09-06,2023-12-01,False,63,-0.1405
195,USDJPY,2023-09-06,2023-12-01,False,63,2.5789
195,AUDUSD,2023-09-06,2023-12-01,False,63,2.1645
195,USDCAD,2023-09-06,2023-12-01,False,63,1.2584
195,USDCHF,2023-09-06,2023-12-01,False,63,0.0
195,EURGBP,2023-09-06,2023-12-01,False,63,0.6505
195,EURJPY,2023-09-06,2023-12-01,False,63,-1.5543
196,EURUSD,2023-10-05,2024-01-03,False,63,1.5367
196,GBPUSD,2023-10-05,2024-01-03,False,63,-0.5298
196,USDJPY,2023-10-05,2024-01-03,False,63,2.6999
196,AUDUSD,2023-10-05,2024-01-03,False,63,2.5616
196,USDCAD,2023-10-05,2024-01-03,False,63,2.2878
196,USDCHF,2023-10-05,2024-01-03,False,63,0.0
196,EURGBP,2023-10-05,2024-01-03,False,63,0.035
196,EURJPY,2023-10-05,2024-01-03,False,63,-1.4907
197,EURUSD,2023-11-03,2024-02-01,False,63,1.7053
197,GBPUSD,2023-11-03,2024-02-01,False,63,0.516
197,USDJPY,2023-11-03,2024-02-01,False,63,1.0658
197,AUDUSD,2023-11-03,2024-02-01,False,63,2.2536
197,USDCAD,2023-11-03,2024-02-01,False,63,1.9745
197,USDCHF,2023-11-03,2024-02-01,False,63,0.0
197,EURGBP,2023-11-03,2024-02-01,False,63,-0.9553
197,EURJPY,2023-11-03,2024-02-01,False,63,1.7464
198,EURUSD,2023-12-04,2024-03-01,False,63,1.1997
198,GBPUSD,2023-12-04,2024-03-01,False,63,-0.528
198,USDJPY,2023-12-04,2024-03-01,False,63,-0.9972
198,AUDUSD,2023-12-04,2024-03-01,False,63,-1.2439
198,USDCAD,2023-12-04,2024-03-01,False,63,-0.3544
198,USDCHF,2023-12-04,2024-03-01,False,63,0.0
198,EURGBP,2023-12-04,2024-03-01,False,63,-0.5214
198,EURJPY,2023-12-04,2024-03-01,False,63,2.1206
199,EURUSD,2024-01-04,2024-04-01,False,63,0.0429
199,GBPUSD,2024-01-04,2024-04-01,False,63,-0.8349
199,USDJPY,2024-01-04,2024-04-01,False,63,-3.4424
199,AUDUSD,2024-01-04,2024-04-01,False,63,-0.05
199,USDCAD,2024-01-04,2024-04-01,False,63,-1.4318
199,USDCHF,2024-01-04,2024-04-01,False,63,-0.1831
199,EURGBP,2024-01-04,2024-04-01,False,63,-1.5443
199,EURJPY,2024-01-04,2024-04-01,False,63,0.6515
200,EURUSD,2024-02-02,2024-04-30,False,63,-0.565
200,GBPUSD,2024-02-02,2024-04-30,False,63,-2.1359
200,USDJPY,2024-02-02,2024-04-30,False,63,-2.9634
200,AUDUSD,2024-02-02,2024-04-30,False,63,0.0995
200,USDCAD,2024-02-02,2024-04-30,False,63,-1.4675
200,USDCHF,2024-02-02,2024-04-30,False,63,-1.7126
200,EURGBP,2024-02-02,2024-04-30,False,63,0.6091
200,EURJPY,2024-02-02,2024-04-30,False,63,2.4214
201,EURUSD,2024-03-04,2024-05-29,False,63,-0.2522
201,GBPUSD,2024-03-04,2024-05-29,False,63,-1.8318
201,USDJPY,2024-03-04,2024-05-29,False,63,0.0
201,AUDUSD,2024-03-04,2024-05-29,False,63,-0.7356
201,USDCAD,2024-03-04,2024-05-29,False,63,-0.2948
201,USDCHF,2024-03-04,2024-05-29,False,63,-0.2314
201,EURGBP,2024-03-04,2024-05-29,False,63,2.6105
201,EURJPY,2024-03-04,2024-05-29,False,63,2.4245
202,EURUSD,2024-04-02,2024-06-27,False,63,-0.2665
202,GBPUSD,2024-04-02,2024-06-27,False,63,-0.6465
202,USDJPY,2024-04-02,2024-06-27,False,63,0.0
202,AUDUSD,2024-04-02,2024-06-27,False,63,-1.2397
202,USDCAD,2024-04-02,2024-06-27,False,63,0.0
202,USDCHF,2024-04-02,2024-06-27,False,63,-0.2008
202,EURGBP,2024-04-02,2024-06-27,False,63,2.2496
202,EURJPY,2024-04-02,2024-06-27,False,63,3.0823
203,EURUSD,2024-05-01,2024-07-26,False,63,1.5312
203,GBPUSD,2024-05-01,2024-07-26,False,63,-2.0548
203,USDJPY,2024-05-01,2024-07-26,False,63,0.0
203,AUDUSD,2024-05-01,2024-07-26,False,63,-3.8565
203,USDCAD,2024-05-01,2024-07-26,False,63,0.0
203,USDCHF,2024-05-01,2024-07-26,False,63,3.0966
203,EURGBP,2024-05-01,2024-07-26,False,63,2.3878
203,EURJPY,2024-05-01,2024-07-26,False,63,-0.3974
204,EURUSD,2024-05-30,2024-08-26,False,63,-0.2062
204,GBPUSD,2024-05-30,2024-08-26,False,63,0.4856
204,USDJPY,2024-05-30,2024-08-26,False,63,-1.0967
204,AUDUSD,2024-05-30,2024-08-26,False,63,3.2067
204,USDCAD,2024-05-30,2024-08-26,False,63,-3.1235
204,USDCHF,2024-05-30,2024-08-26,False,63,0.0845
204,EURGBP,2024-05-30,2024-08-26,False,63,0.7062
204,EURJPY,2024-05-30,2024-08-26,False,63,-2.1939
205,EURUSD,2024-06-28,2024-09-24,False,63,-0.0141
205,GBPUSD,2024-06-28,2024-09-24,False,63,-0.232
205,USDJPY,2024-06-28,2024-09-24,False,63,-1.1316
205,AUDUSD,2024-06-28,2024-09-24,False,63,4.0458
205,USDCAD,2024-06-28,2024-09-24,False,63,-3.1235
205,USDCHF,2024-06-28,2024-09-24,False,63,0.3936
205,EURGBP,2024-06-28,2024-09-24,False,63,1.6654
205,EURJPY,2024-06-28,2024-09-24,False,63,-1.1509
206,EURUSD,2024-07-29,2024-10-23,False,63,-0.0756
206,GBPUSD,2024-07-29,2024-10-23,False,63,3.3293
206,USDJPY,2024-07-29,2024-10-23,False,63,0.0284
206,AUDUSD,2024-07-29,2024-10-23,False,63,0.6705
206,USDCAD,2024-07-29,2024-10-23,False,63,-0.8347
206,USDCHF,2024-07-29,2024-10-23,False,63,-0.6136
206,EURGBP,2024-07-29,2024-10-23,False,63,1.3743
206,EURJPY,2024-07-29,2024-10-23,False,63,0.4787
207,EURUSD,2024-08-27,2024-11-21,False,63,0.1297
207,GBPUSD,2024-08-27,2024-11-21,False,63,0.7331
207,USDJPY,2024-08-27,2024-11-21,False,63,1.8149
207,AUDUSD,2024-08-27,2024-11-21,False,63,-0.8428
207,USDCAD,2024-08-27,2024-11-21,False,63,2.9836
207,USDCHF,2024-08-27,2024-11-21,False,63,-1.2761
207,EURGBP,2024-08-27,2024-11-21,False,63,2.4748
207,EURJPY,2024-08-27,2024-11-21,False,63,2.3215
208,EURUSD,2024-09-25,2024-12-20,False,63,-0.7089
208,GBPUSD,2024-09-25,2024-12-20,False,63,1.0816
208,USDJPY,2024-09-25,2024-12-20,False,63,1.8754
208,AUDUSD,2024-09-25,2024-12-20,False,63,-3.714
208,USDCAD,2024-09-25,2024-12-20,False,63,2.9836
208,USDCHF,2024-09-25,2024-12-20,False,63,-2.5489
208,EURGBP,2024-09-25,2024-12-20,False,63,0.5051
208,EURJPY,2024-09-25,2024-12-20,False,63,-0.7642
209,EURUSD,2024-10-24,2025-01-21,False,63,-2.5519
209,GBPUSD,2024-10-24,2025-01-21,False,63,-1.6272
209,USDJPY,2024-10-24,2025-01-21,False,63,0.2141
209,AUDUSD,2024-10-24,2025-01-21,False,63,-2.7657
209,USDCAD,2024-10-24,2025-01-21,False,63,1.1632
209,USDCHF,2024-10-24,2025-01-21,False,63,-3.4193
209,EURGBP,2024-10-24,2025-01-21,False,63,-0.4335
209,EURJPY,2024-10-24,2025-01-21,False,63,-1.3787
210,EURUSD,2024-11-22,2025-02-19,False,63,-3.5988
210,GBPUSD,2024-11-22,2025-02-19,False,63,-2.5949
210,USDJPY,2024-11-22,2025-02-19,False,63,0.2177
210,AUDUSD,2024-11-22,2025-02-19,False,63,-3.2864
210,USDCAD,2024-11-22,2025-02-19,False,63,-0.4029
210,USDCHF,2024-11-22,2025-02-19,False,63,-2.6554
210,EURGBP,2024-11-22,2025-02-19,False,63,-0.9111
210,EURJPY,2024-11-22,2025-02-19,False,63,-2.3076
211,EURUSD,2024-12-23,2025-03-20,False,63,-2.8913
211,GBPUSD,2024-12-23,2025-03-20,False,63,-2.2878
211,USDJPY,2024-12-23,2025-03-20,False,63,-0.1402
211,AUDUSD,2024-12-23,2025-03-20,False,63,-0.2807
211,USDCAD,2024-12-23,2025-03-20,False,63,-0.4029
211,USDCHF,2024-12-23,2025-03-20,False,63,-2.6699
211,EURGBP,2024-12-23,2025-03-20,False,63,0.5805
211,EURJPY,2024-12-23,2025-03-20,False,63,-1.1218
212,EURUSD,2025-01-22,2025-04-18,False,63,-3.3203
212,GBPUSD,2025-01-22,2025-04-18,False,63,0.3083
212,USDJPY,2025-01-22,2025-04-18,False,63,0.8476
212,AUDUSD,2025-01-22,2025-04-18,False,63,1.0956
212,USDCAD,2025-01-22,2025-04-18,False,63,-2.685
212,USDCHF,2025-01-22,2025-04-18,False,63,-1.2381
212,EURGBP,2025-01-22,2025-04-18,False,63,3.0063
212,EURJPY,2025-01-22,2025-04-18,False,63,-0.8637
213,EURUSD,2025-02-20,2025-05-19,False,63,-1.9423
213,GBPUSD,2025-02-20,2025-05-19,False,63,1.435
213,USDJPY,2025-02-20,2025-05-19,False,63,0.0515
213,AUDUSD,2025-02-20,2025-05-19,False,63,1.735
213,USDCAD,2025-02-20,2025-05-19,False,63,-2.685
213,USDCHF,2025-02-20,2025-05-19,False,63,0.1323
213,EURGBP,2025-02-20,2025-05-19,False,63,3.4876
213,EURJPY,2025-02-20,2025-05-19,False,63,-0.7776
214,EURUSD,2025-03-21,2025-06-17,False,63,-2.063
214,GBPUSD,2025-03-21,2025-06-17,False,63,1.5153
214,USDJPY,2025-03-21,2025-06-17,False,63,-0.8389
214,AUDUSD,2025-03-21,2025-06-17,False,63,1.9454
214,USDCAD,2025-03-21,2025-06-17,False,63,-1.5931
214,USDCHF,2025-03-21,2025-06-17,False,63,0.0865
214,EURGBP,2025-03-21,2025-06-17,False,63,3.1488
214,EURJPY,2025-03-21,2025-06-17,False,63,-1.6301
215,EURUSD,2025-04-21,2025-07-16,False,63,0.521
215,GBPUSD,2025-04-21,2025-07-16,False,63,0.7805
215,USDJPY,2025-04-21,2025-07-16,False,63,-2.1485
215,AUDUSD,2025-04-21,2025-07-16,False,63,1.3774
215,USDCAD,2025-04-21,2025-07-16,False,63,0.5374
215,USDCHF,2025-04-21,2025-07-16,False,63,0.7661
215,EURGBP,2025-04-21,2025-07-16,False,63,1.523
215,EURJPY,2025-04-21,2025-07-16,False,63,0.6594
216,EURUSD,2025-05-20,2025-08-14,False,63,-0.0117
216,GBPUSD,2025-05-20,2025-08-14,False,63,1.3482
216,USDJPY,2025-05-20,2025-08-14,False,63,-1.9859
216,AUDUSD,2025-05-20,2025-08-14,False,63,1.255
216,USDCAD,2025-05-20,2025-08-14,False,63,-0.0477
216,USDCHF,2025-05-20,2025-08-14,False,63,-0.6244
216,EURGBP,2025-05-20,2025-08-14,False,63,-0.7168
216,EURJPY,2025-05-20,2025-08-14,False,63,2.5157
217,EURUSD,2025-06-18,2025-09-12,False,63,1.2079
217,GBPUSD,2025-06-18,2025-09-12,False,63,1.313
217,USDJPY,2025-06-18,2025-09-12,False,63,-0.7528
217,AUDUSD,2025-06-18,2025-09-12,False,63,0.0
217,USDCAD,2025-06-18,2025-09-12,False,63,-0.5518
217,USDCHF,2025-06-18,2025-09-12,False,63,1.9147
217,EURGBP,2025-06-18,2025-09-12,False,63,-1.4795
217,EURJPY,2025-06-18,2025-09-12,False,63,1.8893
218,EURUSD,2025-07-17,2025-10-13,False,63,0.5281
218,GBPUSD,2025-07-17,2025-10-13,False,63,0.6165
218,USDJPY,2025-07-17,2025-10-13,False,63,-0.7255
218,AUDUSD,2025-07-17,2025-10-13,False,63,0.0
218,USDCAD,2025-07-17,2025-10-13,False,63,-1.6666
218,USDCHF,2025-07-17,2025-10-13,False,63,2.2071
218,EURGBP,2025-07-17,2025-10-13,False,63,-2.9325
218,EURJPY,2025-07-17,2025-10-13,False,63,0.3816
219,EURUSD,2025-08-15,2025-11-11,False,63,0.5663
219,GBPUSD,2025-08-15,2025-11-11,False,63,-0.0897
219,USDJPY,2025-08-15,2025-11-11,False,63,-1.6654
219,AUDUSD,2025-08-15,2025-11-11,False,63,2.0
219,USDCAD,2025-08-15,2025-11-11,False,63,-0.621
219,USDCHF,2025-08-15,2025-11-11,False,63,0.0397
219,EURGBP,2025-08-15,2025-11-11,False,63,-2.1297
219,EURJPY,2025-08-15,2025-11-11,False,63,0.9969
220,EURUSD,2025-09-15,2025-12-10,False,63,-0.049
220,GBPUSD,2025-09-15,2025-12-10,False,63,-1.4366
220,USDJPY,2025-09-15,2025-12-10,False,63,-2.8297
220,AUDUSD,2025-09-15,2025-12-10,False,63,-2.4515
220,USDCAD,2025-09-15,2025-12-10,False,63,-0.621
220,USDCHF,2025-09-15,2025-12-10,False,63,-2.1057
220,EURGBP,2025-09-15,2025-12-10,False,63,-2.3547
220,EURJPY,2025-09-15,2025-12-10,False,63,1.6965
221,EURUSD,2025-10-14,2026-01-09,False,63,2.8221
221,GBPUSD,2025-10-14,2026-01-09,False,63,-0.613
221,USDJPY,2025-10-14,2026-01-09,False,63,-1.6822
221,AUDUSD,2025-10-14,2026-01-09,False,63,-3.0882
221,USDCAD,2025-10-14,2026-01-09,False,63,-0.2715
221,USDCHF,2025-10-14,2026-01-09,False,63,1.4709
221,EURGBP,2025-10-14,2026-01-09,False,63,-2.0808
221,EURJPY,2025-10-14,2026-01-09,False,63,2.3156
222,EURUSD,2025-11-12,2026-02-09,False,63,-0.861
222,GBPUSD,2025-11-12,2026-02-09,False,63,-3.5826
222,USDJPY,2025-11-12,2026-02-09,False,63,-2.5629
222,AUDUSD,2025-11-12,2026-02-09,False,63,0.3584
222,USDCAD,2025-11-12,2026-02-09,False,63,2.1575
222,USDCHF,2025-11-12,2026-02-09,False,63,1.5051
222,EURGBP,2025-11-12,2026-02-09,False,63,-2.392
222,EURJPY,2025-11-12,2026-02-09,False,63,2.2442
